ProductID,ProductNumber,Name,StockUnit,StockBatch,StockLevel,PrescribedBatchsize,ChosenBatchsize
0,BD50-5075-011-E,[BD50-5075-011-E]  bracket,mm,3000,0.0,,
1,5601-0000-0021,[5601-0000-0021]  ALU 7075 T79511 hoekprofiel 20x16x1.2,Pcs,1,96936.0,,
2,BD50-5075-013F,[BD50-5075-013F]  bracket,mm,3000,0.0,,16
3,BD50-5075-015F,[BD50-5075-015F]  bracket,mm,3000,0.0,,24
4,BD50-5085-007-C,[BD50-5085-007-C]  bracket,mm,3000,0.0,,24
5,BD50-5085-009-C,[BD50-5085-009-C]  bracket,mm,3000,0.0,,24
6,BD50-5085-011-C,[BD50-5085-011-C]  bracket,mm,3000,0.0,,50
7,1078121B,[1078121B]  Block cooling water tmp,mm,3000,0.0,,
8,5602-0000-0033,[5602-0000-0033]  RVS 316L wgw plat 60x25,Pcs,1,0.0,,
9,4022-335-19371,[4022-335-19371]  Filterhouder Ni 0.02mm,mm,3000,0.0,,
10,5604-0000-0005,[5604-0000-0005]  MESSING CuZn40Pb3 plat 16x2,Pcs,1,60000.0,128,
11,7005-2580-0004,[7005-2580-0004]  Stroke Limiter Plate RX-L / 26223907,mm,3000,0.0,,
12,5601-0000-0023,[5601-0000-0023]  ALU 6082 T651 (wgw) gzgd plaat 75x30,Pcs,1,2690.0,,
13,7005-2480-0110,[7005-2480-0110]  Top Cover / N26241003V01-01,Pcs,1,0.0,,
14,5605-0000-0001,[5605-0000-0001]  POM-C gzgd plaat 540x460x50,Pcs,1,0.0,,
15,7005-2480-0100,"[7005-2480-0100]  Bottom Cover / N26241002V01-01
",Pcs,1,0.0,,
16,5605-0000-0002,[5605-0000-0002]  POM-C gzgd plaat 540x460x60,Pcs,1,0.0,,
17,7005-2480-0010,[7005-2480-0010]  JH Top Cover / N26241508V01-01,Pcs,1,0.0,,
18,7005-2480-0000,[7005-2480-0000]  JH Bottom Cover / N26241507V01-01,Pcs,1,0.0,,
19,00236-05-103-C,[00236-05-103-C]  geleideblok spanrol,mm,3000,0.0,134,134
20,5601-0000-0011,[5601-0000-0011]  ALU 6082 T6 plat 80x25,Pcs,1,15000.0,134,
21,00385-00-102-C,[00385-00-102-C]  Height bearing clamp plate,mm,3000,0.0,600,600
22,5603-0000-0003,[5603-0000-0003]  STAAL S355J2C+C ngl plat 50x20,Pcs,1,121000.0,600,
23,00385-00-113A,[00385-00-113A]  Tensioner plate,Pcs,1,0.0,700,700
24,5990-0000-0018,[5990-0000-0018]  Tensioner Plate cutout,Pcs,1,0.0,700,
25,00385-00-274-D,[00385-00-274-D]  Filling block,mm,3000,0.0,356,356
26,5601-0000-0010,[5601-0000-0010]  ALU 6082 T6 vk 70,Pcs,1,27070.91,15,
27,00385-00-320-A,[00385-00-320-A]  Plint adjust strip,mm,3000,0.0,654,654
28,5603-0000-0005,[5603-0000-0005]  STAAL S235JRC+C blank plat 40x10,Pcs,1,18180.0,654,
29,00385-00-321-A,[00385-00-321-A]  Plint fixing strip left,mm,3000,0.0,714,714
30,5603-0000-0004,[5603-0000-0004]  STAAL S235JRC+C blank plat 30x20,Pcs,1,60600.0,714,
31,00385-00-329-A,[00385-00-329-A]  End plate finger safety hinge,mm,3000,0.0,473,473
32,5603-0000-0006,[5603-0000-0006]  STAAL S235JRC+C blank plat 20x5,Pcs,1,49564.12,473,
33,00385-00-346-A,[00385-00-346-A]  Plint fixing strip right,mm,3000,0.0,714,714
34,00429-00-166 C,[00429-00-166 C]  C//[Q] cradle block,Pcs,1,0.0,,
35,5990-0000-0016,[5990-0000-0016]  Gietwerk CRADLE BLOCK,Pcs,1,0.0,,
36,00429-00-249-A,[00429-00-249-A]  Plint adjust strip,mm,3000,0.0,436,436
37,5603-0000-0013,"[5603-0000-0013]  S235JRC+C blank plat 40x10 (ca 3-3,5 mtr)",Pcs,1,0.0,436,
38,00429-00-662-B,[00429-00-662-B]  Arret lever,mm,3000,0.0,400,400
39,5601-0000-0007,[5601-0000-0007]  ALU 6082 T6 vk 30,Pcs,1,99000.0,400,
40,00522-01564-A,[00522-01564-A]  XD F&T plate plug,mm,3000,0.0,,
41,5601-0000-0112,[5601-0000-0112]  ALU 6082 T6 plat 50x20,Pcs,1,0.0,,
42,00522-01696-A,[00522-01696-A]  bma plug 2,mm,3000,0.0,,
43,5602-0000-0006,[5602-0000-0006]  RVS 304/304L wgw plat 25x12,Pcs,1,0.0,,
44,00522-01698-A,[00522-01698-A]  F&T Y-D plug 1,mm,3000,0.0,,
45,00522-01717-A,[00522-01717-A]  RCW plug 1,mm,3000,0.0,,
46,00522-01718-A,[00522-01718-A]  RCW plug 2,mm,3000,0.0,,
47,080-810005-A2,[080-810005-A2]  Valve body 3-way 2 sensors,mm,3000,0.0,,
48,082-000020-A1,[082-000020-A1]  Manifold coolant banjo M14,mm,3000,0.0,,
49,5601-0000-0115,[5601-0000-0115]  ALU 6082 T6 vk 40,Pcs,1,0.0,,
50,095-500029-A 1,[095-500029-A 1]  Filler block CNG,mm,3000,0.0,,
51,5601-0000-0013,[5601-0000-0013]  ALU 6082 T6 vk 60,Pcs,1,1320.0,,
52,1001823A,[1001823A]  ADJ.PLATE 2 OBJ.,mm,3000,0.0,48,
53,5604-0000-0003,[5604-0000-0003]  MESSING CuZn40Pb2 plat 80x20,Pcs,1,0.0,48,
54,1011113A,[1011113A]  Cord Bracket,mm,3000,0.0,134,134
55,5604-0000-0002,[5604-0000-0002]  MESSING CuZn40Pb2 plat 30x20,Pcs,1,12000.0,134,
56,1012609B,"[1012609B]  CLAMP,PIPE,NIC",mm,3000,0.0,172,
57,5602-0000-0004,[5602-0000-0004]  RVS 304/304L wgw plat 70x12,Pcs,1,0.0,172,
58,1082700B,[1082700B]  Block cooling water TMP,mm,3000,0.0,67,67
59,5602-0000-0024,[5602-0000-0024]  RVS 316L wgw plat 40x25,Pcs,1,90.0,67,
60,1200745A,[1200745A]  base wet stem quatro,Pcs,1,0.0,,
61,5601-0000-0107,[5601-0000-0107]  ALU 5754 H111 gzgd plaat 60x50x50,Pcs,1,0.0,,
62,1202210A,"[1202210A]  shackle, height adjust",mm,3000,0.0,,
63,5602-0000-0010,[5602-0000-0010]  RVS 304/304L wgw plat 40x20,Pcs,1,7665.0,30,
64,1202211B,"[1202211B]  fixing block, actuator",mm,3000,0.0,,10
65,5602-0000-0037,[5602-0000-0037]  RVS 304/304L wgw plat 25x20,Pcs,1,0.0,,
66,1202461A,"[1202461A]  intercon.panel,R-STEM",Pcs,1,0.0,,
67,5601-0000-0073,[5601-0000-0073]  ALU 6082 T651 (wgw) gzgd plaat 500x300x15,Pcs,1,0.0,,
68,1207568A,[1207568A]  Cable clamp,mm,3000,0.0,,
69,5606-0000-0002,[5606-0000-0002]  PTFE Staf FG-10/2011 XT Wit Ø10,Pcs,1,0.0,,
70,349520-8007-000-0107,[349520-8007-000-0107]  BYPASS (BLOK),mm,3000,0.0,,
71,5602-0000-0012,[5602-0000-0012]  RVS 304/304L wgw vk 60,Pcs,1,290.0,,
72,4022-290-63221-D,[4022-290-63221-D]  Excenter housing z,mm,3000,0.0,174,174
73,5601-0000-0012,[5601-0000-0012]  ALU 6082 T6 plat 60x40,Pcs,1,53300.0,174,
74,4022-290-63321F,[4022-290-63321F]  Bearing housing spindle (rev F),mm,3000,0.0,,
75,5601-0000-0116,[5601-0000-0116]  ALU 6082 T6 vk 80,Pcs,1,0.0,,
76,4022-333-11506,[4022-333-11506]  lagerblok,mm,3000,0.0,100,
77,5602-0000-0041,[5602-0000-0041]  RVS 430F blank rond 50h9,Pcs,1,0.0,142,
78,4022-333-13805,[4022-333-13805]  dr pnt cilinder,mm,3000,0.0,75,
79,5603-0000-0014,[5603-0000-0014]  STAAL 11SMn30+C/9SMn28K blank vk 50,Pcs,1,0.0,75,
80,4022-333-19505,[4022-333-19505]  BRIL,Pcs,1,0.0,100,100
81,5990-0000-0014,[5990-0000-0014]  EPRATEX PF CC201 180x140x10,Pcs,1,0.0,100,
82,4022-333-40501,[4022-333-40501]  DUMMY KRISTAL,mm,3000,0.0,,
83,5601-0000-0108,[5601-0000-0108]  ALU 6060 T66 plat 40x6,Pcs,1,0.0,,
84,4022-333-58172,[4022-333-58172]  KIJKERHOUDER,mm,3000,0.0,,
85,5601-0000-0009,[5601-0000-0009]  ALU 6082 T6 vk 50,Pcs,1,4000.0,15,
86,4022-333-58791,[4022-333-58791]  Filterhouder Cu 0.1,mm,3000,0.0,128,
87,4022-335-17991,[4022-335-17991]  Filterh. Cu0.2 Ni0.02,mm,3000,0.0,128,
88,4022-335-71012,[4022-335-71012]  filter holder,mm,3000,0.0,,
89,5604-0000-0004,[5604-0000-0004]  MESSING CuZn40Pb2 plat 20x10,Pcs,1,6000.0,,
90,4022-337-30992,[4022-337-30992]  HOLDER FOR SHUTTER,mm,3000,0.0,,
91,5602-0000-0040,[5602-0000-0040]  RVS 430F blank rond 16h9,Pcs,1,0.0,,
92,4022-337-33842,[4022-337-33842]  arret holder,mm,3000,0.0,142,
93,4022-454-25012,[4022-454-25012]  RING,Pcs,1,0.0,40,
94,5601-0000-0019,[5601-0000-0019]  ALU 6082 gzgd plaat 400x400x20,Pcs,1,0.0,40,
95,4022-455-01702,[4022-455-01702]  Sensorblock,Pcs,1,0.0,,10
96,5601-0000-0109,[5601-0000-0109]  ALU 6082 T651 (wgw) gzgd plaat 125x30x84,Pcs,1,0.0,,
97,4022-455-09992,[4022-455-09992]  POST 2,mm,3000,0.0,30,30
98,5602-0000-0003,[5602-0000-0003]  RVS 304/304L wgw plat 40x30,Pcs,1,4760.0,30,
99,4022-455-099943,[4022-455-099943]  post 4,mm,3000,0.0,,
100,4022-455-099953,[4022-455-099953]  post 5,mm,3000,0.0,,
101,4022-455-09997-3,[4022-455-09997-3]  post 7,mm,3000,0.0,,10
102,4022-456-08803,[4022-456-08803]  LENSGAS INTERFACE BLOCK,mm,3000,0.0,,
103,4022-470-85441,[4022-470-85441]  1/2TE Compens Guide 160mm,mm,3000,0.0,,
104,5601-0000-0016,[5601-0000-0016]  ALU 6082 T6 plat 25x15,Pcs,1,6000.0,,
105,4022-481-55761,[4022-481-55761]  Temp Sensor Block,mm,3000,0.0,,
106,4022-481-65971/20,[4022-481-65971/20]  UPPER CABLE CLAMP,mm,3000,0.0,,
107,4022-484-40911,[4022-484-40911]  Al fcp anti loss screw plate,,1,0.0,,
108,4022-484-40921,[4022-484-40921]  Al fcp switch holder,mm,3000,0.0,,
109,5601-0000-0113,[5601-0000-0113]  ALU 6082 T6 plat 50x25,Pcs,1,0.0,,
110,4022-486-33041,[4022-486-33041]  Connector Block,mm,3000,0.0,,
111,5602-0000-0025,[5602-0000-0025]  RVS 316L wgw plat 40x15,Pcs,1,4840.0,100,
112,4022-486-73851/40,[4022-486-73851/40]  Cable Clamp Base (M5),mm,3000,0.0,,
113,4022-510-76650P19,[4022-510-76650P19]  Block POS. 19,mm,3000,0.0,,
114,5603-0000-0023,[5603-0000-0023]  STAAL S355J2G3 wgw vk 90,Pcs,1,0.0,,
115,4022-621-9185,[4022-621-9185]  Ynozzle Ducting V2 Cover,mm,3000,0.0,,
116,4022-630-67632,[4022-630-67632]  HINGE BLOCK BACK,mm,3000,0.0,,
117,4022-631-2166-Pos4,[4022-631-2166-Pos4]  Pos 4,Pcs,1,0.0,,
118,5603-0000-0017,[5603-0000-0017]  STAAL s235jr wgw plat 100x30,Pcs,1,0.0,,
119,4022-631-42881,[4022-631-42881]  Interface y-equilizer 2,mm,3000,0.0,,
120,5602-0000-0011,[5602-0000-0011]  RVS 304/304L wgw vk 50,Pcs,1,6604.0,179,
121,4022-631-47801,[4022-631-47801]  Interface (FIXED),mm,3000,0.0,25,25
122,5602-0000-0038,[5602-0000-0038]  RVS 304/304L wgw plat 50x40,Pcs,1,0.0,25,
123,4022-631-54801,[4022-631-54801]  INTERFACE (ADJUSTABLE),mm,3000,0.0,43,43
124,5602-0000-0015,[5602-0000-0015]  RVS 304/304L wgw plat 80x30,Pcs,1,6000.0,43,
125,4022-631-75141,[4022-631-75141]  Hinge block back lm2,mm,3000,0.0,94,
126,5602-0000-0018,[5602-0000-0018]  RVS 304/304L wgw plat 50x20,Pcs,1,0.0,94,
127,4022-631-80291,[4022-631-80291]  Hinge block LR,mm,3000,0.0,108,
128,5602-0000-0005,[5602-0000-0005]  RVS 304/304L wgw plat 70x30,Pcs,1,5614.0,16,
129,4022-631-80301,[4022-631-80301]  Hinge Block LR2 (fixed),mm,3000,0.0,108,108
130,4022-631-80961,[4022-631-80961]  Hinge block (fixed) rm2,mm,3000,0.0,,
131,4022-631-89301,[4022-631-89301]  Hinge Block LM2,mm,3000,0.0,,53
132,4022-631-89311,[4022-631-89311]  HINGE BLOCK (FIXED) LM2,mm,3000,0.0,108,
133,4022-631-97451,[4022-631-97451]  Hinge Block Back LM2,mm,3000,0.0,,
134,4022-631-99701,[4022-631-99701]  LCW ABS PRES SENS CONN BLOCK,mm,3000,0.0,179,179
135,4022-635-17942,[4022-635-17942]  CA MOUNTING BLOCK,mm,3000,0.0,,
136,4022-635-68104,[4022-635-68104]  IH serv mech hinge bracket low,mm,3000,0.0,,
137,5602-0000-0039,[5602-0000-0039]  RVS 304/304L wgw rond 100,Pcs,1,0.0,,
138,4022-635-87282,[4022-635-87282]  LOCKING PLATE,mm,3000,0.0,406,
139,5603-0000-0008,[5603-0000-0008]  STAAL S235JRC+C blank plat 25x20,Pcs,1,0.0,406,
140,4022-635-87291,[4022-635-87291]  HANDLE,mm,3000,0.0,1001,
141,5602-0000-0001,[5602-0000-0001]  RVS 304/304L blank plat 25x12,Pcs,1,0.0,1001,
142,4022-635-99171,[4022-635-99171]  Hinge block fixed 7c-e rr,mm,3000,0.0,,
143,4022-637-11821,[4022-637-11821]  HINGE BLOCK LF,mm,3000,0.0,60,
144,5602-0000-0009,[5602-0000-0009]  RVS 304/304L wgw plat 100x20,Pcs,1,0.0,50,
145,4022-637-24142,[4022-637-24142]  HINGE BLOCK FIXED RF,mm,3000,0.0,,
146,4022-637-24191,[4022-637-24191]  HINGE BLOCK RF,mm,3000,0.0,50,
147,4022-637-29291,[4022-637-29291]  Hinge Block rm,mm,3000,0.0,30,
148,4022-637-29301,[4022-637-29301]  Hinge Block Fixed RM,mm,3000,0.0,,52
149,4022-637-29381,[4022-637-29381]  Hinge Block LM,mm,3000,0.0,,65
150,4022-637-29391,[4022-637-29391]  Hinge block fixed LM,mm,3000,0.0,,36
151,4022-637-32081,[4022-637-32081]  IH SERVE MECH HINGE BRACKET,,1,0.0,80,
152,4022-637-45782,[4022-637-45782]  Interface hinge block fixed RF,Pcs,1,0.0,50,
153,5601-0000-0002,[5601-0000-0002]  ALU 5083 gzgd plaat 160x80x30,Pcs,1,0.0,50,
154,4022-637-68442,[4022-637-68442]  IH HINGE BRACKET TOP HINGE,mm,3000,0.0,60,
155,5603-0000-0011,[5603-0000-0011]  STAAL S355J2C+C ngl plat 60x40,Pcs,1,0.0,60,
156,4022-639-54042,[4022-639-54042]  YS gripper detect mirro block,mm,3000,0.0,,
157,4022-642-33571,[4022-642-33571]  Support beam LM,Pcs,1,0.0,60,
158,5601-0000-0003,[5601-0000-0003]  ALU 5083 gzgd plaat 465x165x15,Pcs,1,0.0,60,
159,4022-646-17071,[4022-646-17071]  NXE wsmr 2 Fan guide rail,mm,3000,0.0,,
160,5601-0000-0008,[5601-0000-0008]  ALU 6082 T6 plat 40x20,Pcs,1,42000.0,152,
161,4022-646-17131,[4022-646-17131]  Divider plate 6HE Special,mm,3000,0.0,,
162,4022-651-14271,[4022-651-14271]  NXT WS MK41 DC TEMP CONN PLATE,mm,3000,0.0,100,
163,4022-651-55002A,[4022-651-55002A]  Gpas preamp CB Box + cover assy,mm,3000,0.0,100,
164,5602-0000-0023,[5602-0000-0023]  RVS 316L wgw vk 80,Pcs,1,1570.16,100,
165,4022-656-73531,[4022-656-73531]  Pipe clamp exhaust FW 1980,mm,3000,0.0,86,
166,5602-0000-0013,[5602-0000-0013]  RVS 304/304L blank plat 50x8,Pcs,1,0.0,86,
167,4022-656-74553,[4022-656-74553]  Assy support guide FW 1980,,1,0.0,50,
168,4022-656-75183,[4022-656-75183]  Non loosable block M4,mm,3000,0.0,93,93
169,5602-0000-0008,[5602-0000-0008]  RVS 304/304L wgw plat 35x20,Pcs,1,0.0,104,
170,4022-656-75212,[4022-656-75212]  Non loosable block M5,mm,3000,0.0,104,104
171,4022-656-92231,[4022-656-92231]  Exhaust fw bridge 1980,mm,3000,0.0,126,
172,5601-0000-0015,[5601-0000-0015]  ALU 6082 T6 plat 80x10,Pcs,1,18000.0,126,
173,4022-659-99092,[4022-659-99092]  YS ML Guardrail Park Block,,1,0.0,,
174,4022-659-99111,[4022-659-99111]  YS ML Park Block Handle,,1,0.0,,
175,4022-664-3390-1,[4022-664-3390-1]  NXE HP SL SLEC EOM CP ARM BACK,mm,3000,0.0,,
176,5602-0000-0007,[5602-0000-0007]  RVS 304/304L wgw plat 30x15,Pcs,1,0.0,,
177,4022-666-18121,[4022-666-18121]  Distance Bush 1,mm,3000,0.0,342,
178,5602-0000-0017,[5602-0000-0017]  RVS 304/304L blank vk 10,Pcs,1,0.0,342,
179,4022-666-3837-1,[4022-666-3837-1]  LSPH Bellow Clamp,Pcs,1,0.0,,
180,5990-0000-0017,[5990-0000-0017]  LSPH Bellow Clamp cutout,Pcs,1,0.0,,
181,4022-666-65702(R1),[4022-666-65702(R1)]  LSPH coverplate stud block,mm,3000,0.0,252,252
182,4022-671-49051,[4022-671-49051]  Bpam cover,mm,3000,0.0,150,
183,5601-0000-0150,[5601-0000-0150]  ALU 6082 T6 plat 120x20 ,Pcs,1,0.0,150,
184,4022-671-49061,[4022-671-49061]  Bpam front 1,mm,3000,0.0,152,
185,4022-671-49073,[4022-671-49073]  Bpam front 2,mm,3000,0.0,,
186,4022-673-67281,[4022-673-67281]  Serv Mech Hinge Bracket Low,mm,3000,0.0,11,
187,5603-0000-0016,[5603-0000-0016]  STAAL S235JR rond Ø100,Pcs,1,0.0,11,
188,4022-673-68701,[4022-673-68701]  AR Hinge Bracket Bottom Hinge,mm,3000,0.0,20,
189,5603-0000-0010,[5603-0000-0010]  STAAL S355J2C+C ngl plat 100x50,Pcs,1,0.0,20,
190,4022-674-35671,[4022-674-35671]  MBI WS LTT SSXY MAN PLUG,mm,3000,0.0,,
191,4022-674-3569,[4022-674-3569]  MBI WS LTT HS MAN PLUG,mm,3000,0.0,,
192,4022-677-28751,[4022-677-28751]  LPAM Front 1,,1,0.0,,
193,4022-677-28761,[4022-677-28761]  LPAM Front 2,,1,0.0,,
194,4022-680-5023,[4022-680-5023]  MBI WS MK2 F&T BMA CONNECT 1,mm,3000,0.0,,
195,5602-0000-0026,[5602-0000-0026]  RVS 316L wgw vk 40,Pcs,1,0.0,,
196,4022-680-5025,[4022-680-5025]  MBI WS MK2 F&T BMA CONNECT,mm,3000,0.0,,
197,4022-680-78322,[4022-680-78322]  SR ML SF EXTENSION PLATE,Pcs,1,0.0,1,
198,5601-0000-0020,[5601-0000-0020]  ALU 6082 gzgd plaat 1035x170x70,Pcs,1,0.0,1,
199,4022-680-9064-119,[4022-680-9064-119]  Block,mm,3000,0.0,16,
200,4022-683-10451,[4022-683-10451]  Brace,mm,3000,0.0,,
201,4022-683-92261,[4022-683-92261]  DC Brace,Pcs,1,0.0,,
202,5602-0000-0035,[5602-0000-0035]  RVS 304/304L blank plat 30x40,Pcs,1,0.0,,
203,4022-689-46621,[4022-689-46621]  MBI WS CARRIER SSZ CAP,Pcs,1,0.0,,
204,5601-0000-0110,[5601-0000-0110]  ALU 6082 gzgd plaat rest materiaal,Pcs,1,0.0,,
205,4022-689-4666,[4022-689-4666]  MBI WS CARRIER EPIN CAP,mm,3000,0.0,,
206,5601-0000-0114,[5601-0000-0114]  ALU 6082 T6 plat 60x20,Pcs,1,0.0,,
207,4022-706-4753,[4022-706-4753]  EXE REMA TT Clamp Block 1,,1,0.0,,
208,4023-000-32142A,[4023-000-32142A]  CAM IF ROT ADJUST SSM,mm,3000,0.0,20,
209,4023-000-34941B,[4023-000-34941B]  SIDE ROTATIONADJUST SSM,mm,3000,0.0,,
210,4023-000-35711A,[4023-000-35711A]  DUST KEEPER RING,mm,3000,0.0,20,
211,5601-0000-0017,[5601-0000-0017]  ALU 6082 T6 plat 100x20,Pcs,1,0.0,20,
212,4023-001-14761B,[4023-001-14761B]  Cover Cupdetect dual L,mm,3000,0.0,15,
213,4023-001-14841C,[4023-001-14841C]  Cover Cupdetect dual R,mm,3000,0.0,15,
214,4023-001-43251B,[4023-001-43251B]  Block detection RI,,1,0.0,15,
215,4023-001-43261B,[4023-001-43261B]  Block detection LE,,1,0.0,15,
216,4023-002-15671,[4023-002-15671]  filter plate Cu0.2-Zr0.08,mm,3000,0.0,,
217,4023-002-36531,[4023-002-36531]  filter plate wide Cu0.2,mm,3000,0.0,,
218,4023-002-36551,[4023-002-36551]  filter plate wide Cu0.4 Rh0.06,mm,3000,0.0,,
219,4023-002-36601,[4023-002-36601]  filter plate wide Rh0.06,mm,3000,0.0,,
220,4023-003-94951-A,[4023-003-94951-A]  filter plate Cu0.2-Zr0.16,mm,3000,0.0,,
221,4512-127-05186B,[4512-127-05186B]  Anschlag,Pcs,1,0.0,1000,1000
222,5990-0000-0012,[5990-0000-0012]  Ensat-SBS zelfsn.draadbus M6x12 Stl.gh.,Pcs,1,0.0,1000,
223,4522-128-81532A POS 1,[4522-128-81532A POS 1]  CEILING INLET ASSY,,1,0.0,,
224,4522-128-81532A POS 2,[4522-128-81532A POS 2]  CEILING INLET*,mm,3000,0.0,,
225,5990-0000-0013,[5990-0000-0013]  EPRAFORM PC helder rond Ø125,Pcs,1,0.0,,
226,4522-980-37881,[4522-980-37881]  Filterplate al.20,Pcs,1,0.0,,
227,5601-0000-0117,[5601-0000-0117]  ALU 99.5 40HV UN-T136 plaat 145x145x25,Pcs,1,0.0,,
228,4522-980-37891,[4522-980-37891]  Filterplate al 5,Pcs,1,0.0,200,
229,5601-0000-0118,[5601-0000-0118]  ALU 99.5 40HV UN-T136 plaat 145x145x6,Pcs,1,0.0,200,
230,4598-008-08901B POS 1,[4598-008-08901B POS 1]  CEILING INLET*,mm,3000,0.0,,
231,4598-011-70891B,[4598-011-70891B]  ENDPLATE,mm,3000,0.0,231,231
232,5602-0000-0002,[5602-0000-0002]  RVS 304/304L blank plat 60x10,Pcs,1,1240.0,231,
233,6001-1315-5405,[6001-1315-5405]  Clamping Lever,Pcs,1,0.0,,
234,5601-0000-0121,[5601-0000-0121]  ALU 6082 T6 663x50x20mm (pre-cutted Clamping Lever),Pcs,1,0.0,,
235,9091469-3-00,[9091469-3-00]  Vingerhouder,mm,3000,0.0,,
236,5603-0000-0015,[5603-0000-0015]  STAAL 40CrMnM07 wgw plat 80x40,Pcs,1,0.0,,
237,B620261-5,[B620261-5]  COOLING HOUSE,Pcs,1,0.0,1,
238,5602-0000-0036,[5602-0000-0036]  RVS 304/304L gzgd plaat 745x285x20,Pcs,1,0.0,1,
239,BD50-5075-009-E,[BD50-5075-009-E]  bracket,mm,3000,0.0,,24
240,GF3116T006L,[GF3116T006L]  Carriage,Pcs,1,0.0,240,240
241,5601-0000-0001,[5601-0000-0001]  ALU 5083 6z gzgd plaat 120x110x15,Pcs,1,0.0,240,
242,GO3181T051C,[GO3181T051C]  CID Ventilblock (ASCO),Pcs,1,0.0,,
243,5601-0000-0106,[5601-0000-0106]  ALU 5083 gzgd plaat 103x65x25,Pcs,1,0.0,,
244,GO3213T056C,[GO3213T056C]  [V] frontdeckel (1841462),Pcs,1,0.0,,
245,5601-0000-0004,[5601-0000-0004]  ALU 5083 2z gefr plaat 1730x240x20,Pcs,1,0.0,,
246,GO3220T101B,[GO3220T101B]  Ventillblock vxe 1834191,mm,3000,0.0,,
247,GO4910T001B,[GO4910T001B]  Klemmaufnahme,mm,3000,0.0,,
248,M.459800425070/1,[M.459800425070/1]  Spring brake suspension,,1,0.0,,
249,M0216-01-091A,[M0216-01-091A]  Bev. Klitteband,mm,3000,0.0,3000,
250,5601-0000-0111,[5601-0000-0111]  ALU 6060 T66 plat 30x5,Pcs,1,0.0,3000,
251,M0216-01-363-B,[M0216-01-363-B]  nul-graden arretsegment,mm,3000,0.0,75,75
252,5603-0000-0018,[5603-0000-0018]  STAAL s235jr wgw plat 70x20,Pcs,1,0.0,75,
253,S325F3116200B,[S325F3116200B]  Bracket,Pcs,1,0.0,,
254,5601-0000-0105,[5601-0000-0105]  ALU 2024-T351 gecert. 110x15x10,Pcs,1,0.0,,
255,4022.622.61092,[4022.622.61092]  RH RED GRIPPER CABLE COVER ,,1,0.0,,
256,4022.684.31831,[4022.684.31831]  RH RED IR SENSOR BRKT ,,1,0.0,,
257,4022.684.32042,[4022.684.32042]  RH RED DYNAMIC STRAIN RELIEF B ,,1,0.0,,31
258,4022.684.32031,[4022.684.32031]  RH RED DYNAMIC STRAIN RELIEF A,,1,0.0,,
259,4022.684.32071,[4022.684.32071]  RH RED STATIC STRAIN RELIEF C,,1,0.0,,
260,4022.704.19302,[4022.704.19302]  RH RED STATIC STRAIN RELIEF A,,1,0.0,,
261,4022.704.19332,[4022.704.19332]  RH RED STATIC STRAIN RELIEF B ,,1,0.0,,
262,4022-637-11831,[4022-637-11831]  HINGE BLOCK FIXED LF,mm,3000,0.0,30,
263,5602-0000-0016,[5602-0000-0016]  RVS 304/304L wgw plat 100x30,Pcs,1,0.0,30,
264,4022-706-4754,[4022-706-4754]  EXE REMA TT Clamp block 2,mm,3000,0.0,,
265,5601-0000-0122,[5601-0000-0122]  ALU 6082 T6 vk 90,Pcs,1,0.0,,
266,4022-706-47551,[4022-706-47551]  EXE REMA TT Hinge  Block 1,mm,3000,0.0,,
267,4022-706-4756,[4022-706-4756]  EXE REMA TT Hinge Block 2,mm,3000,0.0,,
268,4022-706-4757,[4022-706-4757]  EXE REMA TT Clamp Block 3,mm,3000,0.0,,
269,5601-0000-0123,[5601-0000-0123]  ALU 6082 T6 vk 100,Pcs,1,0.0,,
270,4022-451-22761B,[4022-451-22761B]  RS Lock MF-X Spring Block,Pcs,1,0.0,,
271,5990-0000-0019,[5990-0000-0019]  Customer supplied material - RS Lock MF-X Spring Block,Pcs,1,0.0,,
272,BSIM-00000978 Rev. AC,[BSIM-00000978 Rev. AC]  BOTTOM PLATER RESERVOIR,Pcs,1,0.0,,
273,5990-0000-0020,[5990-0000-0020]  Customer supplied material - BOTTOM PLATER RESERVOIR,Pcs,1,0.0,,
274,1034719 C,[1034719 C]  KM Heatsink SR5 70X10X25 rev C,Pcs,1,0.0,,
275,5990-0000-0021,[5990-0000-0021]  Customer supplied material - KM Heatsink SR5 70X10X25 rev C,Pcs,1,0.0,,
276,7187549,[7187549]  4023 005 82993-A.step,,1,0.0,,
277,7188780,[7188780]  4023 005 84622-A.step,,1,0.0,,
278,7189853,[7189853]  4023 005 92341-A.step,,1,0.0,,
279,7190421,[7190421]  4023 005 94211-A.step,,1,0.0,,
280,7191167,[7191167]  4023 005 94911-B.step,,1,0.0,,
281,7192888,[7192888]  4023 006 01751-A.step,,1,0.0,,
282,4022-451-22801B,[4022-451-22801B]  RS Lock MF-X Preload Housing,mm,3000,0.0,,
283,5601-0000-0025,[5601-0000-0025]  ALU 6082 T651 (wgw) gzgd plaat 125x30,Pcs,1,1820.0,,
284,BD50-5085-013-C,[BD50-5085-013-C]  bracket,mm,3000,0.0,,50
285,4022-630-65212,[4022-630-65212]  Hinge Block Back,mm,3000,0.0,,
286,7044485,[7044485]  Plaat v4.step,,1,0.0,,
287,7045341,[7045341]  Opname draaischijf v13.step,,1,0.0,,
288,7046329,[7046329]  Steun zwenkcylinder v4.step,,1,0.0,,
289,7047537,[7047537]  Schuivervoet v2.step,,1,0.0,,
290,7048678,[7048678]  Schuiverhouder v4.step,,1,0.0,,
291,7049493,[7049493]  Draaischijf v10.step,,1,0.0,,
292,7050762,[7050762]  Flens draaischijf v5.step,,1,0.0,,
293,368556,[368556]  3428591-66666.step,,1,0.0,,
294,7038211,[7038211]  P02003.STEP,,1,0.0,,
295,7039225,[7039225]  P02004.STEP,,1,0.0,,
296,7055240,"[7055240]  P04200C Housing PRM5 13,5mm inner radius.STEP",,1,0.0,,
297,7056485,[7056485]  P04201.STEP,,1,0.0,,
298,7200886,[7200886]  Tab removal fixture V01.STEP,,1,0.0,,
299,7199773,[7199773]  Machining Clamp-v03.stp,,1,0.0,,
300,7067859,[7067859]  Verlenging vinger M4 v3.step,,1,0.0,,
301,7057581,[7057581]  Adapterplaat klokhouder v10.step,,1,0.0,,
302,7071795,[7071795]  Printbed.STEP,,1,0.0,,
303,7072642,[7072642]  P1501-M8001-00 - Draft - 2024-11-15.stp,,1,0.0,,
304,7214393,[7214393]  PRT-2080_dof_3_hip_r_REV.step,,1,0.0,,
305,7215594,[7215594]  PRT-2088_dof_3_hip_l_REV.step,,1,0.0,,
306,7075941,[7075941]  P1524-M1051-01.STEP,,1,0.0,,
307,7076611,[7076611]  P1524-M1055-04.STEP,,1,0.0,,
308,7207632,[7207632]  slider^sample_holder_october24_v1.sldprt,,1,0.0,,
309,7085715,[7085715]  V5185358_AA-Custom_foot_base.stp,,1,0.0,,
310,7221906,[7221906]  000793263.step,,1,0.0,,
311,7087454,[7087454]  RD032-M0014-00.STEP,,1,0.0,,
312,7077759,[7077759]  Cover mount.STEP,,1,0.0,,
313,7078399,[7078399]  Gantry.STEP,,1,0.0,,
314,7079807,[7079807]  motor to rails.STEP,,1,0.0,,
315,7080456,[7080456]  Probe_Mount.STEP,,1,0.0,,
316,7083905,[7083905]  Printbed.STEP,,1,0.0,,
317,7088857,[7088857]  P1517-M2110-00.stp,,1,0.0,,
318,7089998,[7089998]  P1517-M2210-00.stp,,1,0.0,,
319,7090555,[7090555]  P1517-M2310-00.stp,,1,0.0,,
320,7091508,[7091508]  P1517-M2410-00.stp,,1,0.0,,
321,7093677,[7093677]  P1517-M1012-00.stp,,1,0.0,,
322,7095500,[7095500]  P1517-M1022-00.stp,,1,0.0,,
323,7099380,[7099380]  P1517-M1054-00.stp,,1,0.0,,
324,7100719,[7100719]  P1517-M1055-00.stp,,1,0.0,,
325,7104151,[7104151]  P1517-M1161-00.stp,,1,0.0,,
326,7105575,[7105575]  P1517-M1162-00.stp,,1,0.0,,
327,7106120,[7106120]  P1517-M1355-00.stp,,1,0.0,,
328,7107628,[7107628]  P1517-M1361-00.stp,,1,0.0,,
329,7108158,[7108158]  P1517-M1362-00.stp,,1,0.0,,
330,7109179,[7109179]  P1517-M1461-00.stp,,1,0.0,,
331,7110338,[7110338]  P1517-M1462-00.stp,,1,0.0,,
332,Mal-130 wz 04,[Mal-130 wz 04]  Lagerhuis,mm,3000,0.0,,
333,staal S235JRC blank plat 50x25,staal S235JRC blank plat 50x25,Pcs,1,0.0,,
334,7131942,[7131942]  P1517-M1051-01.stp,,1,0.0,,
335,7118288,[7118288]  Shortside rib.STEP,,1,0.0,,
336,7119603,[7119603]  End rib.STEP,,1,0.0,,
337,7120354,[7120354]  Connection strip.STEP,,1,0.0,,
338,7121703,[7121703]  Straight segment V-track.STEP,,1,0.0,,
339,7122309,[7122309]  Curved segment V-track.STEP,,1,0.0,,
340,7124502,[7124502]  Straight segment flat track.STEP,,1,0.0,,
341,7125883,[7125883]  Curved segment flat track.STEP,,1,0.0,,
342,7163327,[7163327]  RD044-M0003.STEP,,1,0.0,,
343,7164618,[7164618]  RD044-M0004.STEP,,1,0.0,,
344,7165466,[7165466]  RD044-M0005.STEP,,1,0.0,,
345,X0846711,[X0846711]  X0846711 ,mm,3000,0.0,,
346,5603-0000-0024,[5603-0000-0024]  Blank C45+C/C45k vk30,Pcs,1,0.0,,
347,7239895,[7239895]  accelero_cube_1part_drilled.STEP,,1,0.0,,
348,7241523,[7241523]  4023 006 26341.stp,,1,0.0,,
349,7242779,[7242779]  4023 006 26661.stp,,1,0.0,,
350,7243806,[7243806]  4023 006 26681.stp,,1,0.0,,
351,7208585,[7208585]  vfr800_front_caliper_delink_bracket_v1_2025Jan20_2106.step,,1,0.0,,
352,7248314,[7248314]  4023 006 16561 CLAMP 4X.stp,,1,0.0,,
353,7249414,[7249414]  4023 006 19871 Tube Protector.stp,,1,0.0,,
354,7245531,[7245531]  Chip_plate_holder.STEP,,1,0.0,,
355,7246981,[7246981]  Peltier_Holder_Adjusted.STEP,,1,0.0,,
356,7247297,[7247297]  Tubing_holder.STEP,,1,0.0,,
357,7244675,[7244675]  V4_fluidic_holder_CAVA2025_TightCooling.STEP,,1,0.0,,
358,7254223,[7254223]  4023 006 31221-A.stp,,1,0.0,,
359,4022-637-39621,[4022-637-39621]  BLOCK FOR LOCKING SCREW ,mm,3000,0.0,,
360,5602-0000-0047,[5602-0000-0047]  RVS 304/304L blank plat 30x25,Pcs,1,0.0,,
361,M.P04743,[M.P04743]  Koppelstrip bovenligger iGate,Pcs,1,0.0,,301
362,5990-0000-0023,[5990-0000-0023]  Customer supplied material - [M.P04743] Koppelstrip bovenligger iGate,Pcs,1,0.0,,
363,4022-699-03382,[4022-699-03382]  EXE WS MP XZ LOCK WEDGE,Pcs,1,0.0,,
364,5990-0000-0024,[5990-0000-0024]  Customer supplied material - EXE WS MP XZ LOCK WEDGE,Pcs,1,0.0,,
365,4022-669-93452,[4022-669-93452]  SERV FLR MKII BM IF HOOK,Pcs,1,0.0,,
366,5990-0000-0025,[5990-0000-0025]  Customer supplied material - SERV FLR MKII BM IF HOOK,Pcs,1,0.0,,
367,7005-2480-0090,[7005-2480-0090]  METROFRAME BODY V02-00-B / 0119073001 ,Pcs,1,0.0,,4
368,5601-0000-0155,[5601-0000-0155]  ALU 5083 gegoten gzgd plaat 590x460x150,Pcs,1,0.0,,
369,7005-2480-0170,[7005-2480-0170]  CABLE GUIDE / 0119073006,Pcs,1,0.0,,
370,7201703,[7201703]  MOTOR MOUNT / PROTO,mm,3000,0.0,,
371,5601-0000-0040,[5601-0000-0040]  ALU 5083 H111 (wgw) gzgd plaat 125x30,Pcs,1,0.0,,
372,7202812,[7202812]  PRINTBED / PROTO,mm,3000,0.0,,
373,7199932,[7199932]   BASE SHUTTLE / PROTO,mm,3000,0.0,,
374,5601-0000-0159,[5601-0000-0159]  ALU 5083 6z gzgd 125x60,Pcs,1,0.0,,
375,4022.684.31572,[4022.684.31572]  RH RED TURRET ELEC COVER C,Pcs,1,0.0,,1
376,5601-0000-0160,[5601-0000-0160]  ALU 5083 gegoten gefreesd gzgd plaat 500x350x12mm ,Pcs,1,0.0,,
377,7200759,[7200759]  MAGNET HOLDER / PROTO,mm,3000,0.0,,
378,5601-0000-0051,[5601-0000-0051]  ALU 5083 H111 (wgw) gzgd plaat 200x15,Pcs,1,0.0,,
379,7204469,[7204469]  ENCODERPLATE / PROTO,mm,3000,0.0,,
380,7206913,[7206913]  BOTTOM PLATE / PROTO,mm,3000,0.0,,
381,4022.622.61941,[4022.622.61941]  RH RED FRAME -X COVER,Pcs,1,0.0,,1
382,5601-0000-0161,[5601-0000-0161]  ALU 6082 T651 (wgw) gzgd plaat 500x365x100 ,Pcs,1,0.0,,
383,4022.622.61761,[4022.622.61761]  RH RED EBOX MONO,Pcs,1,0.0,,1
384,5601-0000-0162,[5601-0000-0162]  ALU 6082 T651 (wgw) gzgd plaat 240x180x150,Pcs,1,0.0,,
385,7205666,[7205666]  STIFFENER / PROTO,Pcs,1,0.0,,
386,5601-0000-0165,[5601-0000-0165]  ALU 5083 H111 (wgw) gzgd plaat 465x310x25,Pcs,1,0.0,,
387,Dummy encoder block / P1350-M1100-02 ,Dummy encoder block / P1350-M1100-02 ,Pcs,1,0.0,,
388,5601-0000-0164,[5601-0000-0164]  RVS 303 (1.4305) wgw rond 210x235,Pcs,1,0.0,,
389,7123100,[7123100]  SPINDLE TO RAILS / PROTO,mm,3000,0.0,,
390,5601-0000-0044,[5601-0000-0044]  ALU 5083 H111 (wgw) gzgd plaat 50x50,Pcs,1,0.0,,
391,7005-2580-0001,[7005-2580-0001]  Stroke Limiter Plate ZY-L / 26223910,mm,3000,0.0,,
392,5601-0000-0029,[5601-0000-0029]  ALU 6082 T651 (wgw) gzgd plaat 50x50,Pcs,1,1900.0,1,
393,7005-2580-0003,[7005-2580-0003]  Stroke Limiter Plate RX-R / 26223908,mm,3000,0.0,,
394,7005-2480-0180,[7005-2480-0180]  TORSION RELIEF RING / 0119073007,mm,3000,0.0,,
395,5602-0000-0031,[5602-0000-0031]  RVS 316L wgw plat 80x20,Pcs,1,3253.0,,
396,7005-2480-0130,[7005-2480-0130]  CABLE COVER 1 / 0119073003,Pcs,1,0.0,,
397,5602-0000-0049,[5602-0000-0049]  RVS 316L kgw finish 2B plaat 2000x1000x4,Pcs,1,0.0,,
398,7005-2580-0005,[7005-2580-0005]  Single Rail / IGUS / WSQ-06S,Pcs,1,0.0,,45
399,Single rail WSQ - not drilled / IGUS / WSQ-06S,Single rail WSQ - not drilled / IGUS / WSQ-06S,Pcs,1,0.0,,
400,7005-2480-0140,[7005-2480-0140]  CABLE COVER 2 / 0119073004,Pcs,1,0.0,,
401,5608-0000-0001,[5608-0000-0001]  PEEK gzgd 190x100x20,Pcs,1,0.0,,
402,7247694,[7247694]  P1517-M4006-00.stp,Pcs,1,0.0,,
403,5605-0000-0029,[5605-0000-0029]  POM-C wit gzgd plaat 500x250x16,Pcs,1,0.0,,
404,7248956,[7248956]  P1517-M4001-00.stp,Pcs,1,0.0,,
405,5605-0000-0030,[5605-0000-0030]  POM-C wit gzgd plaat 125x75x60,Pcs,1,0.0,,
406,7249674,[7249674]  P1517-M4002-00.stp,Pcs,1,0.0,,
407,5605-0000-0031,[5605-0000-0031]  POM-C wit gzgd plaat 175x75x60,Pcs,1,0.0,,
408,7250207,[7250207]  P1517-M4003-00.stp,Pcs,1,0.0,,
409,5605-0000-0032,[5605-0000-0032]  POM-C wit gzgd plaat 150x75x80,Pcs,1,0.0,,
410,7251860,[7251860]  P1517-M4004-00.stp,Pcs,1,0.0,,
411,5605-0000-0033,[5605-0000-0033]  POM-C wit gzgd plaat 150x105x80,Pcs,1,0.0,,
412,7258128,[7258128]  P1517-M3001-00.stp,,1,0.0,,
413,7259797,[7259797]  P1517-M3003-01.stp,,1,0.0,,
414,7007-2500-0001,[7007-2500-0001]  TL 1 – Feet B / IAH ,Pcs,1,0.0,,1
415,5601-0000-0166,[5601-0000-0166]  ALU 5083 H111 (wgw) plaat 360x300x45mm,Pcs,1,0.0,,
416,4022-631-80951,[4022-631-80951]  Hinge block rm2,mm,3000,0.0,,10
417,Z4610360,[Z4610360]  Slide / Geleider,Pcs,1,0.0,,
418,5609-0000-0001,[5609-0000-0001]  PA6 Polyamide Plaat Gegoten Naturel 2550x1275x20mm,Pcs,1,0.0,,
419,4022.683.44771,[4022.683.44771]  RH NXE RED RZ ENC PLATE SPPRT,mm,3000,0.0,,1
420,5601-0000-0022,[5601-0000-0022]  ALU 6082 T651 (wgw) gzgd plaat 50x30,Pcs,1,0.0,,
421,7005-2580-0002,[7005-2580-0002]  Stroke Limiter Plate ZY-R / 26223909,mm,3000,0.0,,
422,7305419,[7305419]  26243902 Mounting Base V02-00.STEP,mm,3000,0.0,,
423,5605-0000-0007,[5605-0000-0007]  POM-C wit/naturel gzgd plaat 150x50,Pcs,1,0.0,,
424,7306642,[7306642]  26250610 Cleaning Bar V01-01.STEP,Pcs,1,0.0,,
425,5605-0000-0034,[5605-0000-0034]  POM-C wit gzgd plaat 700x300x20,Pcs,1,0.0,,
426,7261698,[7261698]  P1464-M1011-00.stp,mm,3000,0.0,,6
427,7262299,[7262299]  P1464-M1024-00.stp,,1,0.0,,3
428,7263714,[7263714]  P1464-M1027-00.stp,mm,3000,0.0,,2
429,7264118,[7264118]  P1464-M2001-00.stp,mm,3000,0.0,,2
430,5601-0000-0031,[5601-0000-0031]  ALU 6082 T651 (wgw) gzgd plaat 100x50,Pcs,1,0.0,,
431,7265172,[7265172]  P1464-M2003-00.stp,mm,3000,0.0,,4
432,5601-0000-0036,[5601-0000-0036]  ALU 6082 T651 (wgw) gzgd plaat 200x15,Pcs,1,300.0,,
433,7266236,[7266236]  P1464-M2010-00.stp,Pcs,1,0.0,,1
434,5601-0000-0167,[5601-0000-0167]  ALU 6082 T651 (wgw) gzgd plaat 395x250x20,Pcs,1,0.0,,
435,7267848,[7267848]  P1464-M2015-00.stp,mm,3000,0.0,,2
436,5601-0000-0043,[5601-0000-0043]  ALU 5083 H111 (wgw) gzgd plaat 200x30,Pcs,1,0.0,,
437,7268468,[7268468]  P1464-M2016-00.stp,mm,3000,0.0,,2
438,5601-0000-0032,[5601-0000-0032]  ALU 6082 T651 (wgw) gzgd plaat 125x50,Pcs,1,0.0,,
439,7269980,[7269980]  P1464-M2017-00.stp,mm,3000,0.0,,1
440,7270733,[7270733]  P1464-M2018-00.stp,mm,3000,0.0,,1
441,5601-0000-0034,[5601-0000-0034]  ALU 6082 T651 (wgw) gzgd plaat 175x50,Pcs,1,0.0,,
442,7271654,[7271654]  P1464-M2020-00.stp,mm,3000,0.0,,2
443,7272248,[7272248]  P1464-M2025-00.stp,mm,3000,0.0,,4
444,7273889,[7273889]  P1464-M2029-00.stp,,1,0.0,,1
445,7274976,[7274976]  P1464-M2031-00.stp,mm,3000,0.0,,1
446,5601-0000-0024,[5601-0000-0024]  ALU 6082 T651 (wgw) gzgd plaat 100x30,Pcs,1,3205.0,,
447,7275100,[7275100]  P1464-M2045-00.stp,Pcs,1,0.0,,1
448,5601-0000-0168,[5601-0000-0168]  ALU 6082 T651 (wgw) gzgd plaat 465x275x20,Pcs,1,0.0,,
449,7276589,[7276589]  P1464-M2054-00.stp,Pcs,1,0.0,,1
450,5601-0000-0169,[5601-0000-0169]  ALU 6082 T651 (wgw) gzgd plaat 325x275x20,Pcs,1,0.0,,
451,7277682,[7277682]  P1464-M2055-00.stp,Pcs,1,0.0,,1
452,7278476,[7278476]  P1464-M2057-00.stp,mm,3000,0.0,,1
453,7279297,[7279297]  P1464-M2059-00.stp,mm,3000,0.0,,2
454,7282747,[7282747]  P1464-M2066-00.stp,mm,3000,0.0,,1
455,7283800,[7283800]  P1464-M3103-00.stp,mm,3000,0.0,,4
456,7284774,[7284774]  P1464-M3105-00.stp,mm,3000,0.0,,6
457,7285159,[7285159]  P1464-M3203-00.stp,mm,3000,0.0,,8
458,7286825,[7286825]  P1464-M3204-00.stp,mm,3000,0.0,,8
459,7287806,[7287806]  P1464-M4001-00.stp,mm,3000,0.0,,2
460,7288826,[7288826]  P1464-M4011-00.stp,mm,3000,0.0,,7
461,7289337,[7289337]  P1464-M2068-00.stp,mm,3000,0.0,,2
462,5605-0000-0015,[5605-0000-0015]  POM-C zwart gzgd plaat 100x50,Pcs,1,0.0,,
463,7290605,[7290605]  P1464-M3030-00.stp,mm,3000,0.0,,14
464,5605-0000-0013,[5605-0000-0013]  POM-C zwart gzgd plaat 150x30,Pcs,1,0.0,,
465,7291692,[7291692]  P1464-M3055-00.stp,mm,3000,0.0,,12
466,5605-0000-0003,[5605-0000-0003]  POM-C wit/naturel gzgd plaat 100x30,Pcs,1,0.0,,
467,7292240,[7292240]  P1464-M3201-00.stp,mm,3000,0.0,,4
468,7302598,[7302598]  P1464-M1012-00.stp,mm,3000,0.0,,6
469,7308680,[7308680]  P1464-M1022-00.stp,mm,3000,0.0,,6
470,4022.684.31711,[4022.684.31711]  RH RED RZ STOP LEFT MOUNT,mm,3000,0.0,,
471,5602-0000-0050,[5602-0000-0050]  RVS 316L wgw plat 80x40,Pcs,1,0.0,,
472,4022.684.31741,[4022.684.31741]  RH RED RZ STOP RIGHT MOUNT,mm,3000,0.0,,1
473,7258936,[7258936]  Prototype2-fixture-Main-bottom.STEP,mm,3000,0.0,,
474,7259858,[7259858]  Prototype2-fixture-Main-top.STEP,mm,3000,0.0,,
475,5601-0000-0026,[5601-0000-0026]  ALU 6082 T651 (wgw) gzgd plaat 150x30,Pcs,1,0.0,,
476,7260713,[7260713]  Prototype2-fixture-support.STEP,mm,3000,0.0,,
477,7313890,[7313890]  P1464-M5006-00.stp,mm,3000,0.0,,
478,7314593,[7314593]  P1464-M2060-01.stp,mm,3000,0.0,,2
479,7005-2480-0120,[7005-2480-0120]  ENCODER MOUNT PLATE / 0119073002,mm,3000,0.0,,
480,7005-2580-0006,[7005-2580-0006]  GP Z-Adjustment Lever / 26241001,mm,3000,0.0,,24
481,5602-0000-0051,[5602-0000-0051]  RVS 304/304L wgw plat 90x20,Pcs,1,0.0,,
482,7005-2580-0007,[7005-2580-0007]  Support block / 07201506,mm,3000,0.0,,32
483,5602-0000-0052,[5602-0000-0052]  RVS 304/304L wgw plat 120x60,Pcs,1,0.0,,
484,26251090 PEU Filter Holder R V,[26251090 PEU Filter Holder R V]  PEU Quick Release RIGHT,mm,3000,0.0,,
485,26251091 PEU Filter Holder L V,[26251091 PEU Filter Holder L V]  PEU Quick Release LEFT,mm,3000,0.0,,
486,7005-2400-0100,[7005-2400-0100]  02200903 encoder scale mount bracket V01-01 electropolished / 02200903 V01-01,mm,3000,0.0,,42
487,00528-11400-A,[00528-11400-A]  RM BM MOT PCA INT MID,mm,3000,0.0,,
488,7262799,[7262799]  KR71001001977.stp,mm,3000,0.0,,
489,10007434A,[10007434A]  coil clamp body pin side,mm,3000,0.0,,
490,10007432A,[10007432A]  coil clamp body threaded side,mm,3000,0.0,,
491,00528-02746-A,[00528-02746-A]  hoisting bridge,mm,3000,0.0,,1
492,5602-0000-0054,[5602-0000-0054]  RVS 316L wgw geschild rond 390,Pcs,1,0.0,,
493,00528-02720-A,[00528-02720-A]  leaf spring middle interface,mm,3000,0.0,,1
494,5602-0000-0053,[5602-0000-0053]  RVS 304/304L wgw geschild rond 110,Pcs,1,0.0,,
495,10005158B,[10005158B]  gearbox side cover,Pcs,1,0.0,,2
496,5601-0000-0170,[5601-0000-0170]  ALU 5083 gegoten 6 zijdig gezaagd 465x300x50 ,Pcs,1,0.0,,
497,10007537A,[10007537A]  bearing block small,mm,3000,0.0,,2
498,104009586,[104009586]  HALFFAB_M_BLOCK_RH_LEFT,mm,3000,0.0,,1
499,5603-0000-0020,[5603-0000-0020]  STAAL S355J2 rond Ø180,Pcs,1,0.0,,
500,104009581,[104009581]  HALFFAB_M_BLOCK_RH_RIGHT,mm,3000,0.0,,1
501,104009583,[104009583]  HALFFAB_M_MOUNTING_BLCK_FRNT_R,mm,3000,0.0,,1
502,5603-0000-0021,[5603-0000-0021]  STAAL S355J2 rond Ø130,Pcs,1,0.0,,
503,104009584,[104009584]  HALFFAB_M_MOUNTING_BLCK_FRNT_L,mm,3000,0.0,,1
504,7005-2540-0001,[7005-2540-0001]  C beam v01-03 / 07201507,Pcs,1,0.0,,34
505,5602-0000-0055,[5602-0000-0055]  Seamless tube AISI30 4x40x40x400,Pcs,1,0.0,,
506,4022.644.3272,[4022.644.3272]  NXE RH Gripper LVL Tool Base,Pcs,1,0.0,,1
507,5601-0000-0103,[5601-0000-0103]  ALU 6082 T651 (wgw) gzgd plaat 255x225x25,Pcs,1,0.0,,
508,4022.644.9779,[4022.644.9779]  NXE NH Gripper LVL Tool Cover,Pcs,1,0.0,,1
509,5601-0000-0104,[5601-0000-0104]  ALU 6082 T651 (wgw) gzgd plaat 255x225x8,Pcs,1,0.0,,
510,10007433A,[10007433A]  RMFT Y-actuator power plug,mm,3000,0.0,,9
511,5608-0000-0003,[5608-0000-0003]  PEEK Staf Naturel Ø50,Pcs,1,0.0,,
512,P1464-M5004-01,P1464-M5004-01,mm,3000,0.0,,
513,P1464-M5024-00,P1464-M5024-00,mm,3000,0.0,,
514,P1464-M5025-00,P1464-M5025-00,mm,3000,0.0,,
515,5602-0000-0056,[5602-0000-0056]  RVS 304/304L wgw plat 80x20,Pcs,1,0.0,,
516,1508130 B,[1508130 B]  [Q] excenter housing z,mm,3000,0.0,,50
517,7342825,[7342825]  upper part.dxf,mm,3000,0.0,,
518,5601-0000-0030,[5601-0000-0030]  ALU 6082 T651 (wgw) gzgd plaat 75x50,Pcs,1,0.0,,
519,7343615,[7343615]  lower part.dxf,mm,3000,0.0,,
520,7284518,[7284518]  Fixture-step1-Base-M6-center-clamp.STEP,mm,3000,0.0,,
521,7285692,[7285692]  Top cover.STEP,mm,3000,0.0,,
522,4022-639-33161,[4022-639-33161]  HV part 9B-E RR,Pcs,1,0.0,,
523,5601-0000-0171,[5601-0000-0171]  ALU 5083 H111 (wgw) gzgd plaat 175x155x20,Pcs,1,0.0,,
524,7009-2500-0004,[7009-2500-0004]  IH Mounting 1  / 1806-110-036 ,mm,3000,0.0,,10
525,7009-2500-0001,[7009-2500-0001]  Bearing / 1806-110-026,mm,3000,0.0,,25
526,7009-2500-0003,[7009-2500-0003]  Axle Clamp / 1806-110-035,mm,3000,0.0,,40
527,7009-2500-0006,[7009-2500-0006]  IH Mounting 3 / 1806-110-038,Pcs,1,0.0,,5
528,5601-0000-0172,[5601-0000-0172]  ALU 6082 T651 (wgw) gzgd plaat 110x100x60,Pcs,1,0.0,,
529,7009-2500-0005,[7009-2500-0005]  IH Mounting 2 / 1806-110-037,mm,3000,0.0,,5
530,10006767A,[10006767A]  RMFT Air Interface Block,mm,3000,0.0,,1
531,5601-0000-0035,[5601-0000-0035]  ALU 6082 T651 (wgw) gzgd plaat 200x50,Pcs,1,1265.0,,
532,4022.689.0729,[4022.689.0729]  VST HXX Actuator Protect Cover,mm,3000,0.0,,
533,4022.644.9778,[4022.644.9778]  NXE LH Gripper LVLS Base,mm,3000,0.0,,1
534,7351522,[7351522]  Impact cover-6_rev-0 alleen base voor export-AP214.step,,1,0.0,1,
535,4022.622.61481,[4022.622.61481]  RH RED GRIPPER TUNGSTEN MASS ,Pcs,1,0.0,,
536,5607-0000-0001,[5607-0000-0001]  TUNGSTEN sintered block 15x49x49,Pcs,1,0.0,,
537,PTANK638.1015,PTANK638.1015,mm,3000,0.0,,
538,5601-0000-0173,[5601-0000-0173]  ALU 6060 T66 plat 40x30,Pcs,1,18000.0,,
539,7005-2580-0008,[7005-2580-0008]  Backplate / 27244701 ,Pcs,1,0.0,,8
540,5601-0000-0174,[5601-0000-0174]  ALU 5083 gegoten gefreesd  800x500x10mm,Pcs,1,0.0,,
541,7005-2580-0009,[7005-2580-0009]  Baseplate / 27244702,Pcs,1,0.0,,8
542,5601-0000-0175,[5601-0000-0175]  ALU 5083 gegoten 6 zijdig gezaagd 520x250x45,Pcs,1,0.0,,
543,7005-2580-0010,[7005-2580-0010]  Cylinder bracket / 27244703,Pcs,1,0.0,,8
544,5601-0000-0176,[5601-0000-0176]  ALU 5083 gegoten 6 zijdig gezaagd 295x250x30,Pcs,1,0.0,,
545,7302612,[7302612]  000270791B.step,mm,3000,0.0,1,
546,7303395,[7303395]  000271906A.step,mm,3000,0.0,1,
547,7009-2500-0002,[7009-2500-0002]  IH Seesaw / 1806-110-034,mm,3000,0.0,,5
548,000750458,[000750458]  Mounting Block for Flight,mm,3000,0.0,,
549,5602-0000-0057,[5602-0000-0057]  RVS 304/304L wgw vk 25,Pcs,1,6000.0,,
550,Adjuster / FM / RD032-M0004-02,Adjuster / FM / RD032-M0004-02,mm,3000,0.0,,
551,Mount Fixed / FM / RD032-M0003-02,Mount Fixed / FM / RD032-M0003-02,mm,3000,0.0,,
552,Mount RHS / FM / RD032-M0002-02,Mount RHS / FM / RD032-M0002-02,mm,3000,0.0,,
553,Mount LHS / LM / RD032-M0001-01,Mount LHS / LM / RD032-M0001-01,mm,3000,0.0,,
554,00528-10179-A,[00528-10179-A]  gutter part upper,,1,0.0,,
555,00528-10178-A,[00528-10178-A]  gutter part lower,mm,3000,0.0,,
556,00528-05538-B,[00528-05538-B]  REMA FS plate 3,mm,3000,0.0,,
557,00528-09965-A,[00528-09965-A]  Base Blade Adaptor X0 /00528-09965-A,,1,0.0,,
558,00528-08511-A,[00528-08511-A]  Base blade adapter X1 / 00528-08511-A,,1,0.0,,
559,00528-09968-A,[00528-09968-A]  Base blade adaptor Y0 / 00528-09968-A,,1,0.0,,
560,00528-09969-A,[00528-09969-A]  Base blade adaptor Y1 / 00528-09969-A,,1,0.0,,
