EventName,EventID,ProgressSteps,Items,Resource,Equipment,Location,SimTime,Date
Trailer Loading,1,3360-3361,1~2~3~4~5~6~7~8~9~10~11~12~13~14~15~16~17~18~19~20~21~22~23~24~25,Operator 1,Trailer_60,CentralBuffer_Location,3361,2026-08-03 08:01:00
Trailer Transport,3,3361-3362,1~2~3~4~5~6~7~8~9~10~11~12~13~14~15~16~17~18~19~20~21~22~23~24~25,Operator 1,Trailer_60,Trailer_60,3362,2026-08-03 08:02:00
Trailer Loading,2,3362-3363,26~27~28~29~30~31~32~33~34~35~36~37~38~39~40~41~42,Operator 2,Trailer_61,CentralBuffer_Location,3363,2026-08-03 08:03:00
Trailer Unloading,4,3362-3363,1~2~3~4~5~6~7~8~9~10~11~12~13~14~15~16~17~18~19~20~21~22~23~24~25,Operator 1,Trailer_60,BW_(BKW_01)_Location,3363,2026-08-03 08:03:00
Trailer Transport,6,3363-3364,26~27~28~29~30~31~32~33~34~35~36~37~38~39~40~41~42,Operator 2,Trailer_61,Trailer_61,3364,2026-08-03 08:04:00
Trailer Loading,5,3364-3365,43~44~45~46~47~48~49~50~51~52~53~54~55~56~57~58~59~60~61~62~63~64~65~66~67~68~69~70~71~72~73~74~75~76~77~78~79~80~81~82~83~84~85~86~87~88~89~90~91~92~93~94~95~96~97~98~99~100~101~102~103~104~105~106~107~108~109~110~111~112~113~114~115~116~117~118~119~120~121~122~123~124~125~126~127~128~129~130~131~132~133~134~135~136~137~138~139~140~141~142~143~144~145~146~147~148~149~150~151~152~153~154~155~156~157,Manual worker 1,Trailer_62,CentralBuffer_Location,3365,2026-08-03 08:05:00
Trailer Unloading,8,3364-3365,26~27~28~29~30~31~32~33~34~35~36~37~38~39~40~41~42,Operator 2,Trailer_61,BW_(BKW_01)_Location,3365,2026-08-03 08:05:00
Machine Setup,7,3365-3366,1~2~3~4~5~6~7~8~9~10~11~12~13~14~15~16~17~18~19~20~21~22~23~24~25,Operator 1,BW_(BKW_01),BW_(BKW_01)_Location,3366,2026-08-03 08:06:00
Trailer Transport,10,3365-3366,43~44~45~46~47~48~49~50~51~52~53~54~55~56~57~58~59~60~61~62~63~64~65~66~67~68~69~70~71~72~73~74~75~76~77~78~79~80~81~82~83~84~85~86~87~88~89~90~91~92~93~94~95~96~97~98~99~100~101~102~103~104~105~106~107~108~109~110~111~112~113~114~115~116~117~118~119~120~121~122~123~124~125~126~127~128~129~130~131~132~133~134~135~136~137~138~139~140~141~142~143~144~145~146~147~148~149~150~151~152~153~154~155~156~157,Manual worker 1,Trailer_62,Trailer_62,3366,2026-08-03 08:06:00
Trailer Loading,9,3366-3367,158~159~160~161~162~163~164~165~166~167~168~169~170~171~172~173~174~175~176~177~178~179~180~181~182~183~184~185~186~187~188~189~190~191~192~193~194~195~196~197~198~199~200~201~202~203~204~205~206~207,Manual worker 2,Trailer_63,CentralBuffer_Location,3367,2026-08-03 08:07:00
Trailer Unloading,12,3366-3367,43~44~45~46~47~48~49~50~51~52~53~54~55~56~57~58~59~60~61~62~63~64~65~66~67~68~69~70~71~72~73~74~75~76~77~78~79~80~81~82~83~84~85~86~87~88~89~90~91~92~93~94~95~96~97~98~99~100~101~102~103~104~105~106~107~108~109~110~111~112~113~114~115~116~117~118~119~120~121~122~123~124~125~126~127~128~129~130~131~132~133~134~135~136~137~138~139~140~141~142~143~144~145~146~147~148~149~150~151~152~153~154~155~156~157,Manual worker 1,Trailer_62,VF2SS_(M3-03)_Location,3367,2026-08-03 08:07:00
Machine Loading,11,3367-3368,1~2~3~4~5~6~7~8~9~10~11~12~13~14~15~16~17~18~19~20~21~22~23~24~25,Operator 1,BW_(BKW_01),BW_(BKW_01)_Location,3368,2026-08-03 08:08:00
Trailer Transport,14,3367-3368,158~159~160~161~162~163~164~165~166~167~168~169~170~171~172~173~174~175~176~177~178~179~180~181~182~183~184~185~186~187~188~189~190~191~192~193~194~195~196~197~198~199~200~201~202~203~204~205~206~207,Manual worker 2,Trailer_63,Trailer_63,3368,2026-08-03 08:08:00
Operator Move,18,3368-3369,,Operator 2,-,CentralBuffer_Location,3369,2026-08-03 08:09:00
Trailer Unloading,19,3368-3369,158~159~160~161~162~163~164~165~166~167~168~169~170~171~172~173~174~175~176~177~178~179~180~181~182~183~184~185~186~187~188~189~190~191~192~193~194~195~196~197~198~199~200~201~202~203~204~205~206~207,Manual worker 2,Trailer_63,M3-02_(FR3_02)_Location,3369,2026-08-03 08:09:00
Trailer Loading,13,3369-3370,208~209~210~211~212~213~214~215~216~217~218~219~220~221~222~223~224~225~226~227~228~229~230~231~232~233~234~235~236~237,Operator 2,Trailer_64,CentralBuffer_Location,3370,2026-08-03 08:10:00
Trailer Transport,21,3370-3371,208~209~210~211~212~213~214~215~216~217~218~219~220~221~222~223~224~225~226~227~228~229~230~231~232~233~234~235~236~237,Operator 2,Trailer_64,Trailer_64,3371,2026-08-03 08:11:00
Trailer Unloading,22,3371-3372,208~209~210~211~212~213~214~215~216~217~218~219~220~221~222~223~224~225~226~227~228~229~230~231~232~233~234~235~236~237,Operator 2,Trailer_64,UMC750_(M5-03)_Location,3372,2026-08-03 08:12:00
Machine Setup,15,3369-3399,43~44~45~46~47~48~49~50~51~52~53~54~55~56~57~58~59~60~61~62~63~64~65~66~67~68~69~70~71~72~73~74~75~76~77~78~79~80~81~82~83~84~85~86~87~88~89~90~91~92~93~94~95~96~97~98~99~100~101~102~103~104~105~106~107~108~109~110~111~112~113~114~115~116~117~118~119~120~121~122~123~124~125~126~127~128~129~130~131~132~133~134~135~136~137~138~139~140~141~142~143~144~145~146~147~148~149~150~151~152~153~154~155~156~157,Manual worker 1,VF2SS_(M3-03),VF2SS_(M3-03)_Location,3399,2026-08-03 08:39:00
Machine Setup,23,3373-3403,208~209~210~211~212~213~214~215~216~217~218~219~220~221~222~223~224~225~226~227~228~229~230~231~232~233~234~235~236~237,Operator 2,UMC750_(M5-03),UMC750_(M5-03)_Location,3403,2026-08-03 08:43:00
Machine Setup,20,3370-3430,158~159~160~161~162~163~164~165~166~167~168~169~170~171~172~173~174~175~176~177~178~179~180~181~182~183~184~185~186~187~188~189~190~191~192~193~194~195~196~197~198~199~200~201~202~203~204~205~206~207,Manual worker 2,M3-02_(FR3_02),M3-02_(FR3_02)_Location,3430,2026-08-03 09:10:00
Machine Processing,16,3367-3491.0~3491-3492,1~2~3~4~5~6~7~8~9~10~11~12~13~14~15~16~17~18~19~20~21~22~23~24~25,BW_(BKW_01),BW_(BKW_01),BW_(BKW_01)_Location,3492,2026-08-03 10:12:00
Machine Unloading,17,3491-3492,1~2~3~4~5~6~7~8~9~10~11~12~13~14~15~16~17~18~19~20~21~22~23~24~25,Operator 1,BW_(BKW_01),BW_(BKW_01)_Location,3492,2026-08-03 10:12:00
Machine Setup,33,3493-3494,26~27~28~29~30~31~32~33~34~35~36~37~38~39~40~41~42,Operator 1,BW_(BKW_01),BW_(BKW_01)_Location,3494,2026-08-03 10:14:00
Machine Loading,24,3400-3495,43~44~45~46~47~48~49~50~51~52~53~54~55~56~57~58~59~60~61~62~63~64~65~66~67~68~69~70~71~72~73~74~75~76~77~78~79~80~81~82~83~84~85~86~87~88~89~90~91~92~93~94~95~96~97~98~99~100~101~102~103~104~105~106~107~108~109~110~111~112~113~114~115~116~117~118~119~120~121~122~123~124~125~126~127~128~129~130~131~132~133~134~135~136~137~138~139~140~141~142~143~144~145~146~147~148~149~150~151~152~153~154~155~156~157,Manual worker 1,VF2SS_(M3-03),VF2SS_(M3-03)_Location,3495,2026-08-03 10:15:00
Trailer Loading,34,3495-3496,1~2~3~4~5~6~7~8~9~10~11~12~13~14~15~16~17~18~19~20~21~22~23~24~25,Operator 1,Trailer_60,BW_(BKW_01)_Location,3496,2026-08-03 10:16:00
Operator Move,36,3496-3497,,Manual worker 1,-,BW_(BKW_01)_Location,3497,2026-08-03 10:17:00
Trailer Transport,37,3496-3497,1~2~3~4~5~6~7~8~9~10~11~12~13~14~15~16~17~18~19~20~21~22~23~24~25,Operator 1,Trailer_60,Trailer_60,3497,2026-08-03 10:17:00
Machine Loading,35,3497-3498,26~27~28~29~30~31~32~33~34~35~36~37~38~39~40~41~42,Manual worker 1,BW_(BKW_01),BW_(BKW_01)_Location,3498,2026-08-03 10:18:00
Trailer Unloading,38,3497-3498,1~2~3~4~5~6~7~8~9~10~11~12~13~14~15~16~17~18~19~20~21~22~23~24~25,Operator 1,Trailer_60,PACK_(VERP_P)_Location,3498,2026-08-03 10:18:00
Machine Setup,41,3499-3500,1~2~3~4~5~6~7~8~9~10~11~12~13~14~15~16~17~18~19~20~21~22~23~24~25,Operator 1,PACK_(VERP_P),PACK_(VERP_P)_Location,3500,2026-08-03 10:20:00
Machine Loading,42,3501-3502,1~2~3~4~5~6~7~8~9~10~11~12~13~14~15~16~17~18~19~20~21~22~23~24~25,Operator 1,PACK_(VERP_P),PACK_(VERP_P)_Location,3502,2026-08-03 10:22:00
Machine Loading,27,3404-3503,208~209~210~211~212~213~214~215~216~217~218~219~220~221~222~223~224~225~226~227~228~229~230~231~232~233~234~235~236~237,Operator 2,UMC750_(M5-03),UMC750_(M5-03)_Location,3503,2026-08-03 10:23:00
Machine Processing,43,3501-3525.0~3525-3526,1~2~3~4~5~6~7~8~9~10~11~12~13~14~15~16~17~18~19~20~21~22~23~24~25,PACK_(VERP_P),PACK_(VERP_P),PACK_(VERP_P)_Location,3526,2026-08-03 10:46:00
Machine Unloading,44,3525-3526,1~2~3~4~5~6~7~8~9~10~11~12~13~14~15~16~17~18~19~20~21~22~23~24~25,Operator 1,PACK_(VERP_P),PACK_(VERP_P)_Location,3526,2026-08-03 10:46:00
Trailer Loading,45,3527-3528,1~2~3~4~5~6~7~8~9~10~11~12~13~14~15~16~17~18~19~20~21~22~23~24~25,Operator 1,Trailer_60,PACK_(VERP_P)_Location,3528,2026-08-03 10:48:00
Trailer Transport,46,3528-3529,1~2~3~4~5~6~7~8~9~10~11~12~13~14~15~16~17~18~19~20~21~22~23~24~25,Operator 1,Trailer_60,Trailer_60,3529,2026-08-03 10:49:00
Trailer Unloading,47,3529-3530,1~2~3~4~5~6~7~8~9~10~11~12~13~14~15~16~17~18~19~20~21~22~23~24~25,Operator 1,Trailer_60,CentralBuffer_Location,3530,2026-08-03 10:50:00
Machine Processing,39,3497-3547.0~3547-3548,26~27~28~29~30~31~32~33~34~35~36~37~38~39~40~41~42,BW_(BKW_01),BW_(BKW_01),BW_(BKW_01)_Location,3548,2026-08-03 11:08:00
Machine Unloading,40,3547-3548,26~27~28~29~30~31~32~33~34~35~36~37~38~39~40~41~42,Manual worker 1,BW_(BKW_01),BW_(BKW_01)_Location,3548,2026-08-03 11:08:00
Trailer Loading,48,3549-3550,26~27~28~29~30~31~32~33~34~35~36~37~38~39~40~41~42,Manual worker 1,Trailer_61,BW_(BKW_01)_Location,3550,2026-08-03 11:10:00
Trailer Transport,49,3550-3551,26~27~28~29~30~31~32~33~34~35~36~37~38~39~40~41~42,Manual worker 1,Trailer_61,Trailer_61,3551,2026-08-03 11:11:00
Trailer Unloading,50,3551-3552,26~27~28~29~30~31~32~33~34~35~36~37~38~39~40~41~42,Manual worker 1,Trailer_61,PACK_(VERP_P)_Location,3552,2026-08-03 11:12:00
Machine Setup,51,3553-3554,26~27~28~29~30~31~32~33~34~35~36~37~38~39~40~41~42,Manual worker 1,PACK_(VERP_P),PACK_(VERP_P)_Location,3554,2026-08-03 11:14:00
Machine Loading,52,3555-3556,26~27~28~29~30~31~32~33~34~35~36~37~38~39~40~41~42,Manual worker 1,PACK_(VERP_P),PACK_(VERP_P)_Location,3556,2026-08-03 11:16:00
Machine Processing,53,3555-3571.0~3571-3572,26~27~28~29~30~31~32~33~34~35~36~37~38~39~40~41~42,PACK_(VERP_P),PACK_(VERP_P),PACK_(VERP_P)_Location,3572,2026-08-03 11:32:00
Machine Unloading,54,3571-3572,26~27~28~29~30~31~32~33~34~35~36~37~38~39~40~41~42,Manual worker 1,PACK_(VERP_P),PACK_(VERP_P)_Location,3572,2026-08-03 11:32:00
Trailer Loading,55,3573-3574,26~27~28~29~30~31~32~33~34~35~36~37~38~39~40~41~42,Manual worker 1,Trailer_61,PACK_(VERP_P)_Location,3574,2026-08-03 11:34:00
Trailer Transport,56,3574-3575,26~27~28~29~30~31~32~33~34~35~36~37~38~39~40~41~42,Manual worker 1,Trailer_61,Trailer_61,3575,2026-08-03 11:35:00
Trailer Unloading,57,3575-3576,26~27~28~29~30~31~32~33~34~35~36~37~38~39~40~41~42,Manual worker 1,Trailer_61,CentralBuffer_Location,3576,2026-08-03 11:36:00
Machine Loading,30,3431-3654,158~159~160~161~162~163~164~165~166~167~168~169~170~171~172~173~174~175~176~177~178~179~180~181~182~183~184~185~186~187~188~189~190~191~192~193~194~195~196~197~198~199~200~201~202~203~204~205~206~207,Manual worker 2,M3-02_(FR3_02),M3-02_(FR3_02)_Location,3654,2026-08-03 12:54:00
Operator Move,61,3941-3942,,Operator 3,-,VF2SS_(M3-03)_Location,3942,2026-08-03 17:42:00
Machine Processing,25,3400-3840~3841-3941.0~3942-4037,43~44~45~46~47~48~49~50~51~52~53~54~55~56~57~58~59~60~61~62~63~64~65~66~67~68~69~70~71~72~73~74~75~76~77~78~79~80~81~82~83~84~85~86~87~88~89~90~91~92~93~94~95~96~97~98~99~100~101~102~103~104~105~106~107~108~109~110~111~112~113~114~115~116~117~118~119~120~121~122~123~124~125~126~127~128~129~130~131~132~133~134~135~136~137~138~139~140~141~142~143~144~145~146~147~148~149~150~151~152~153~154~155~156~157,VF2SS_(M3-03),VF2SS_(M3-03),VF2SS_(M3-03)_Location,4037,2026-08-03 19:17:00
Machine Unloading,58,3942-4037,43~44~45~46~47~48~49~50~51~52~53~54~55~56~57~58~59~60~61~62~63~64~65~66~67~68~69~70~71~72~73~74~75~76~77~78~79~80~81~82~83~84~85~86~87~88~89~90~91~92~93~94~95~96~97~98~99~100~101~102~103~104~105~106~107~108~109~110~111~112~113~114~115~116~117~118~119~120~121~122~123~124~125~126~127~128~129~130~131~132~133~134~135~136~137~138~139~140~141~142~143~144~145~146~147~148~149~150~151~152~153~154~155~156~157,Operator 3,VF2SS_(M3-03),VF2SS_(M3-03)_Location,4037,2026-08-03 19:17:00
Operator Move,63,4038-4039,,Operator 3,-,UMC750_(M5-03)_Location,4039,2026-08-03 19:19:00
Machine Processing,28,3404-3840~3842-3967.0~4039-4138,208~209~210~211~212~213~214~215~216~217~218~219~220~221~222~223~224~225~226~227~228~229~230~231~232~233~234~235~236~237,UMC750_(M5-03),UMC750_(M5-03),UMC750_(M5-03)_Location,4138,2026-08-03 20:58:00
Machine Unloading,60,4039-4138,208~209~210~211~212~213~214~215~216~217~218~219~220~221~222~223~224~225~226~227~228~229~230~231~232~233~234~235~236~237,Operator 3,UMC750_(M5-03),UMC750_(M5-03)_Location,4138,2026-08-03 20:58:00
Operator Move,65,4139-4140,,Operator 3,-,CentralBuffer_Location,4140,2026-08-03 21:00:00
Bring Equipment,66,4140-4141,,Operator 3,Trailer_60,VF2SS_(M3-03)_Location,4141,2026-08-03 21:01:00
Trailer Loading,62,4141-4142,43~44~45~46~47~48~49~50~51~52~53~54~55~56~57~58~59~60~61~62~63~64~65~66~67~68~69~70~71~72~73~74~75~76~77~78~79~80~81~82~83~84~85~86~87~88~89~90~91~92~93~94~95~96~97~98~99~100~101~102~103~104~105~106~107~108~109~110~111~112~113~114~115~116~117~118~119~120~121~122~123~124~125~126~127~128~129~130~131~132~133~134~135~136~137~138~139~140~141~142~143~144~145~146~147~148~149~150~151~152~153~154~155~156~157,Operator 3,Trailer_60,VF2SS_(M3-03)_Location,4142,2026-08-03 21:02:00
Trailer Transport,67,4142-4143,43~44~45~46~47~48~49~50~51~52~53~54~55~56~57~58~59~60~61~62~63~64~65~66~67~68~69~70~71~72~73~74~75~76~77~78~79~80~81~82~83~84~85~86~87~88~89~90~91~92~93~94~95~96~97~98~99~100~101~102~103~104~105~106~107~108~109~110~111~112~113~114~115~116~117~118~119~120~121~122~123~124~125~126~127~128~129~130~131~132~133~134~135~136~137~138~139~140~141~142~143~144~145~146~147~148~149~150~151~152~153~154~155~156~157,Operator 3,Trailer_60,Trailer_60,4143,2026-08-03 21:03:00
Trailer Unloading,68,4143-4144,43~44~45~46~47~48~49~50~51~52~53~54~55~56~57~58~59~60~61~62~63~64~65~66~67~68~69~70~71~72~73~74~75~76~77~78~79~80~81~82~83~84~85~86~87~88~89~90~91~92~93~94~95~96~97~98~99~100~101~102~103~104~105~106~107~108~109~110~111~112~113~114~115~116~117~118~119~120~121~122~123~124~125~126~127~128~129~130~131~132~133~134~135~136~137~138~139~140~141~142~143~144~145~146~147~148~149~150~151~152~153~154~155~156~157,Operator 3,Trailer_60,BW_(BKW_01)_Location,4144,2026-08-03 21:04:00
Bring Equipment,70,4145-4146,,Operator 3,Trailer_60,UMC750_(M5-03)_Location,4146,2026-08-03 21:06:00
Trailer Loading,64,4146-4147,208~209~210~211~212~213~214~215~216~217~218~219~220~221~222~223~224~225~226~227~228~229~230~231~232~233~234~235~236~237,Operator 3,Trailer_60,UMC750_(M5-03)_Location,4147,2026-08-03 21:07:00
Trailer Transport,71,4147-4148,208~209~210~211~212~213~214~215~216~217~218~219~220~221~222~223~224~225~226~227~228~229~230~231~232~233~234~235~236~237,Operator 3,Trailer_60,Trailer_60,4148,2026-08-03 21:08:00
Trailer Unloading,72,4148-4149,208~209~210~211~212~213~214~215~216~217~218~219~220~221~222~223~224~225~226~227~228~229~230~231~232~233~234~235~236~237,Operator 3,Trailer_60,PACK_(VERP_P)_Location,4149,2026-08-03 21:09:00
Operator Move,74,4150-4151,,Operator 3,-,BW_(BKW_01)_Location,4151,2026-08-03 21:11:00
Machine Setup,69,4151-4152,43~44~45~46~47~48~49~50~51~52~53~54~55~56~57~58~59~60~61~62~63~64~65~66~67~68~69~70~71~72~73~74~75~76~77~78~79~80~81~82~83~84~85~86~87~88~89~90~91~92~93~94~95~96~97~98~99~100~101~102~103~104~105~106~107~108~109~110~111~112~113~114~115~116~117~118~119~120~121~122~123~124~125~126~127~128~129~130~131~132~133~134~135~136~137~138~139~140~141~142~143~144~145~146~147~148~149~150~151~152~153~154~155~156~157,Operator 3,BW_(BKW_01),BW_(BKW_01)_Location,4152,2026-08-03 21:12:00
Operator Move,76,4153-4154,,Operator 3,-,PACK_(VERP_P)_Location,4154,2026-08-03 21:14:00
Machine Setup,73,4154-4155,208~209~210~211~212~213~214~215~216~217~218~219~220~221~222~223~224~225~226~227~228~229~230~231~232~233~234~235~236~237,Operator 3,PACK_(VERP_P),PACK_(VERP_P)_Location,4155,2026-08-03 21:15:00
Operator Move,78,4156-4157,,Operator 3,-,BW_(BKW_01)_Location,4157,2026-08-03 21:17:00
Machine Loading,75,4157-4158,43~44~45~46~47~48~49~50~51~52~53~54~55~56~57~58~59~60~61~62~63~64~65~66~67~68~69~70~71~72~73~74~75~76~77~78~79~80~81~82~83~84~85~86~87~88~89~90~91~92~93~94~95~96~97~98~99~100~101~102~103~104~105~106~107~108~109~110~111~112~113~114~115~116~117~118~119~120~121~122~123~124~125~126~127~128~129~130~131~132~133~134~135~136~137~138~139~140~141~142~143~144~145~146~147~148~149~150~151~152~153~154~155~156~157,Operator 3,BW_(BKW_01),BW_(BKW_01)_Location,4158,2026-08-03 21:18:00
Operator Move,81,4159-4160,,Operator 3,-,PACK_(VERP_P)_Location,4160,2026-08-03 21:20:00
Machine Loading,77,4160-4161,208~209~210~211~212~213~214~215~216~217~218~219~220~221~222~223~224~225~226~227~228~229~230~231~232~233~234~235~236~237,Operator 3,PACK_(VERP_P),PACK_(VERP_P)_Location,4161,2026-08-03 21:21:00
Machine Processing,82,4160-4189.0~4189-4190,208~209~210~211~212~213~214~215~216~217~218~219~220~221~222~223~224~225~226~227~228~229~230~231~232~233~234~235~236~237,PACK_(VERP_P),PACK_(VERP_P),PACK_(VERP_P)_Location,4190,2026-08-03 21:50:00
Machine Unloading,83,4189-4190,208~209~210~211~212~213~214~215~216~217~218~219~220~221~222~223~224~225~226~227~228~229~230~231~232~233~234~235~236~237,Operator 3,PACK_(VERP_P),PACK_(VERP_P)_Location,4190,2026-08-03 21:50:00
Trailer Loading,84,4191-4192,208~209~210~211~212~213~214~215~216~217~218~219~220~221~222~223~224~225~226~227~228~229~230~231~232~233~234~235~236~237,Operator 3,Trailer_60,PACK_(VERP_P)_Location,4192,2026-08-03 21:52:00
Trailer Transport,85,4192-4193,208~209~210~211~212~213~214~215~216~217~218~219~220~221~222~223~224~225~226~227~228~229~230~231~232~233~234~235~236~237,Operator 3,Trailer_60,Trailer_60,4193,2026-08-03 21:53:00
Trailer Unloading,86,4193-4194,208~209~210~211~212~213~214~215~216~217~218~219~220~221~222~223~224~225~226~227~228~229~230~231~232~233~234~235~236~237,Operator 3,Trailer_60,CentralBuffer_Location,4194,2026-08-03 21:54:00
Operator Move,89,5179-5180,,Operator 1,-,M3-02_(FR3_02)_Location,5180,2026-08-04 14:20:00
Operator Move,90,5212-5213,,Operator 2,-,BW_(BKW_01)_Location,5213,2026-08-04 14:53:00
Machine Processing,79,4157-4320~4801-5212.0~5213-5214,43~44~45~46~47~48~49~50~51~52~53~54~55~56~57~58~59~60~61~62~63~64~65~66~67~68~69~70~71~72~73~74~75~76~77~78~79~80~81~82~83~84~85~86~87~88~89~90~91~92~93~94~95~96~97~98~99~100~101~102~103~104~105~106~107~108~109~110~111~112~113~114~115~116~117~118~119~120~121~122~123~124~125~126~127~128~129~130~131~132~133~134~135~136~137~138~139~140~141~142~143~144~145~146~147~148~149~150~151~152~153~154~155~156~157,BW_(BKW_01),BW_(BKW_01),BW_(BKW_01)_Location,5214,2026-08-04 14:54:00
Machine Unloading,88,5213-5214,43~44~45~46~47~48~49~50~51~52~53~54~55~56~57~58~59~60~61~62~63~64~65~66~67~68~69~70~71~72~73~74~75~76~77~78~79~80~81~82~83~84~85~86~87~88~89~90~91~92~93~94~95~96~97~98~99~100~101~102~103~104~105~106~107~108~109~110~111~112~113~114~115~116~117~118~119~120~121~122~123~124~125~126~127~128~129~130~131~132~133~134~135~136~137~138~139~140~141~142~143~144~145~146~147~148~149~150~151~152~153~154~155~156~157,Operator 2,BW_(BKW_01),BW_(BKW_01)_Location,5214,2026-08-04 14:54:00
Operator Move,92,5215-5216,,Operator 2,-,CentralBuffer_Location,5216,2026-08-04 14:56:00
Bring Equipment,93,5216-5217,,Operator 2,Trailer_60,BW_(BKW_01)_Location,5217,2026-08-04 14:57:00
Trailer Loading,91,5217-5218,43~44~45~46~47~48~49~50~51~52~53~54~55~56~57~58~59~60~61~62~63~64~65~66~67~68~69~70~71~72~73~74~75~76~77~78~79~80~81~82~83~84~85~86~87~88~89~90~91~92~93~94~95~96~97~98~99~100~101~102~103~104~105~106~107~108~109~110~111~112~113~114~115~116~117~118~119~120~121~122~123~124~125~126~127~128~129~130~131~132~133~134~135~136~137~138~139~140~141~142~143~144~145~146~147~148~149~150~151~152~153~154~155~156~157,Operator 2,Trailer_60,BW_(BKW_01)_Location,5218,2026-08-04 14:58:00
Trailer Transport,94,5218-5219,43~44~45~46~47~48~49~50~51~52~53~54~55~56~57~58~59~60~61~62~63~64~65~66~67~68~69~70~71~72~73~74~75~76~77~78~79~80~81~82~83~84~85~86~87~88~89~90~91~92~93~94~95~96~97~98~99~100~101~102~103~104~105~106~107~108~109~110~111~112~113~114~115~116~117~118~119~120~121~122~123~124~125~126~127~128~129~130~131~132~133~134~135~136~137~138~139~140~141~142~143~144~145~146~147~148~149~150~151~152~153~154~155~156~157,Operator 2,Trailer_60,Trailer_60,5219,2026-08-04 14:59:00
Trailer Unloading,95,5219-5220,43~44~45~46~47~48~49~50~51~52~53~54~55~56~57~58~59~60~61~62~63~64~65~66~67~68~69~70~71~72~73~74~75~76~77~78~79~80~81~82~83~84~85~86~87~88~89~90~91~92~93~94~95~96~97~98~99~100~101~102~103~104~105~106~107~108~109~110~111~112~113~114~115~116~117~118~119~120~121~122~123~124~125~126~127~128~129~130~131~132~133~134~135~136~137~138~139~140~141~142~143~144~145~146~147~148~149~150~151~152~153~154~155~156~157,Operator 2,Trailer_60,PACK_(VERP_P)_Location,5220,2026-08-04 15:00:00
Machine Setup,96,5221-5222,43~44~45~46~47~48~49~50~51~52~53~54~55~56~57~58~59~60~61~62~63~64~65~66~67~68~69~70~71~72~73~74~75~76~77~78~79~80~81~82~83~84~85~86~87~88~89~90~91~92~93~94~95~96~97~98~99~100~101~102~103~104~105~106~107~108~109~110~111~112~113~114~115~116~117~118~119~120~121~122~123~124~125~126~127~128~129~130~131~132~133~134~135~136~137~138~139~140~141~142~143~144~145~146~147~148~149~150~151~152~153~154~155~156~157,Operator 2,PACK_(VERP_P),PACK_(VERP_P)_Location,5222,2026-08-04 15:02:00
Machine Loading,97,5223-5224,43~44~45~46~47~48~49~50~51~52~53~54~55~56~57~58~59~60~61~62~63~64~65~66~67~68~69~70~71~72~73~74~75~76~77~78~79~80~81~82~83~84~85~86~87~88~89~90~91~92~93~94~95~96~97~98~99~100~101~102~103~104~105~106~107~108~109~110~111~112~113~114~115~116~117~118~119~120~121~122~123~124~125~126~127~128~129~130~131~132~133~134~135~136~137~138~139~140~141~142~143~144~145~146~147~148~149~150~151~152~153~154~155~156~157,Operator 2,PACK_(VERP_P),PACK_(VERP_P)_Location,5224,2026-08-04 15:04:00
Operator Move,100,5281-5282,,Operator 3,-,M3-02_(FR3_02)_Location,5282,2026-08-04 16:02:00
Machine Processing,31,3431-3840~3841-4320~4800-5179.0~5180-5280~5282-5405,158~159~160~161~162~163~164~165~166~167~168~169~170~171~172~173~174~175~176~177~178~179~180~181~182~183~184~185~186~187~188~189~190~191~192~193~194~195~196~197~198~199~200~201~202~203~204~205~206~207,M3-02_(FR3_02),M3-02_(FR3_02),M3-02_(FR3_02)_Location,5405,2026-08-04 18:05:00
Machine Unloading,87,5180-5280~5282-5405,158~159~160~161~162~163~164~165~166~167~168~169~170~171~172~173~174~175~176~177~178~179~180~181~182~183~184~185~186~187~188~189~190~191~192~193~194~195~196~197~198~199~200~201~202~203~204~205~206~207,Operator 3,M3-02_(FR3_02),M3-02_(FR3_02)_Location,5405,2026-08-04 18:05:00
Operator Move,103,5406-5407,,Operator 3,-,PACK_(VERP_P)_Location,5407,2026-08-04 18:07:00
Machine Processing,98,5223-5280~5282-5339.0~5407-5408,43~44~45~46~47~48~49~50~51~52~53~54~55~56~57~58~59~60~61~62~63~64~65~66~67~68~69~70~71~72~73~74~75~76~77~78~79~80~81~82~83~84~85~86~87~88~89~90~91~92~93~94~95~96~97~98~99~100~101~102~103~104~105~106~107~108~109~110~111~112~113~114~115~116~117~118~119~120~121~122~123~124~125~126~127~128~129~130~131~132~133~134~135~136~137~138~139~140~141~142~143~144~145~146~147~148~149~150~151~152~153~154~155~156~157,PACK_(VERP_P),PACK_(VERP_P),PACK_(VERP_P)_Location,5408,2026-08-04 18:08:00
Machine Unloading,101,5407-5408,43~44~45~46~47~48~49~50~51~52~53~54~55~56~57~58~59~60~61~62~63~64~65~66~67~68~69~70~71~72~73~74~75~76~77~78~79~80~81~82~83~84~85~86~87~88~89~90~91~92~93~94~95~96~97~98~99~100~101~102~103~104~105~106~107~108~109~110~111~112~113~114~115~116~117~118~119~120~121~122~123~124~125~126~127~128~129~130~131~132~133~134~135~136~137~138~139~140~141~142~143~144~145~146~147~148~149~150~151~152~153~154~155~156~157,Operator 3,PACK_(VERP_P),PACK_(VERP_P)_Location,5408,2026-08-04 18:08:00
Operator Move,105,5409-5410,,Operator 3,-,CentralBuffer_Location,5410,2026-08-04 18:10:00
Bring Equipment,106,5410-5411,,Operator 3,Trailer_60,M3-02_(FR3_02)_Location,5411,2026-08-04 18:11:00
Trailer Loading,102,5411-5412,158~159~160~161~162~163~164~165~166~167~168~169~170~171~172~173~174~175~176~177~178~179~180~181~182~183~184~185~186~187~188~189~190~191~192~193~194~195~196~197~198~199~200~201~202~203~204~205~206~207,Operator 3,Trailer_60,M3-02_(FR3_02)_Location,5412,2026-08-04 18:12:00
Trailer Transport,107,5412-5413,158~159~160~161~162~163~164~165~166~167~168~169~170~171~172~173~174~175~176~177~178~179~180~181~182~183~184~185~186~187~188~189~190~191~192~193~194~195~196~197~198~199~200~201~202~203~204~205~206~207,Operator 3,Trailer_60,Trailer_60,5413,2026-08-04 18:13:00
Trailer Unloading,108,5413-5414,158~159~160~161~162~163~164~165~166~167~168~169~170~171~172~173~174~175~176~177~178~179~180~181~182~183~184~185~186~187~188~189~190~191~192~193~194~195~196~197~198~199~200~201~202~203~204~205~206~207,Operator 3,Trailer_60,BW_(BKW_01)_Location,5414,2026-08-04 18:14:00
Bring Equipment,110,5415-5416,,Operator 3,Trailer_60,PACK_(VERP_P)_Location,5416,2026-08-04 18:16:00
Trailer Loading,104,5416-5417,43~44~45~46~47~48~49~50~51~52~53~54~55~56~57~58~59~60~61~62~63~64~65~66~67~68~69~70~71~72~73~74~75~76~77~78~79~80~81~82~83~84~85~86~87~88~89~90~91~92~93~94~95~96~97~98~99~100~101~102~103~104~105~106~107~108~109~110~111~112~113~114~115~116~117~118~119~120~121~122~123~124~125~126~127~128~129~130~131~132~133~134~135~136~137~138~139~140~141~142~143~144~145~146~147~148~149~150~151~152~153~154~155~156~157,Operator 3,Trailer_60,PACK_(VERP_P)_Location,5417,2026-08-04 18:17:00
Trailer Transport,111,5417-5418,43~44~45~46~47~48~49~50~51~52~53~54~55~56~57~58~59~60~61~62~63~64~65~66~67~68~69~70~71~72~73~74~75~76~77~78~79~80~81~82~83~84~85~86~87~88~89~90~91~92~93~94~95~96~97~98~99~100~101~102~103~104~105~106~107~108~109~110~111~112~113~114~115~116~117~118~119~120~121~122~123~124~125~126~127~128~129~130~131~132~133~134~135~136~137~138~139~140~141~142~143~144~145~146~147~148~149~150~151~152~153~154~155~156~157,Operator 3,Trailer_60,Trailer_60,5418,2026-08-04 18:18:00
Trailer Unloading,112,5418-5419,43~44~45~46~47~48~49~50~51~52~53~54~55~56~57~58~59~60~61~62~63~64~65~66~67~68~69~70~71~72~73~74~75~76~77~78~79~80~81~82~83~84~85~86~87~88~89~90~91~92~93~94~95~96~97~98~99~100~101~102~103~104~105~106~107~108~109~110~111~112~113~114~115~116~117~118~119~120~121~122~123~124~125~126~127~128~129~130~131~132~133~134~135~136~137~138~139~140~141~142~143~144~145~146~147~148~149~150~151~152~153~154~155~156~157,Operator 3,Trailer_60,CentralBuffer_Location,5419,2026-08-04 18:19:00
Operator Move,113,5420-5421,,Operator 3,-,BW_(BKW_01)_Location,5421,2026-08-04 18:21:00
Machine Setup,109,5421-5422,158~159~160~161~162~163~164~165~166~167~168~169~170~171~172~173~174~175~176~177~178~179~180~181~182~183~184~185~186~187~188~189~190~191~192~193~194~195~196~197~198~199~200~201~202~203~204~205~206~207,Operator 3,BW_(BKW_01),BW_(BKW_01)_Location,5422,2026-08-04 18:22:00
Machine Loading,114,5423-5424,158~159~160~161~162~163~164~165~166~167~168~169~170~171~172~173~174~175~176~177~178~179~180~181~182~183~184~185~186~187~188~189~190~191~192~193~194~195~196~197~198~199~200~201~202~203~204~205~206~207,Operator 3,BW_(BKW_01),BW_(BKW_01)_Location,5424,2026-08-04 18:24:00
Machine Processing,115,5423-5522.0~5522-5523,158~159~160~161~162~163~164~165~166~167~168~169~170~171~172~173~174~175~176~177~178~179~180~181~182~183~184~185~186~187~188~189~190~191~192~193~194~195~196~197~198~199~200~201~202~203~204~205~206~207,BW_(BKW_01),BW_(BKW_01),BW_(BKW_01)_Location,5523,2026-08-04 20:03:00
Machine Unloading,116,5522-5523,158~159~160~161~162~163~164~165~166~167~168~169~170~171~172~173~174~175~176~177~178~179~180~181~182~183~184~185~186~187~188~189~190~191~192~193~194~195~196~197~198~199~200~201~202~203~204~205~206~207,Operator 3,BW_(BKW_01),BW_(BKW_01)_Location,5523,2026-08-04 20:03:00
Operator Move,118,5524-5525,,Operator 3,-,CentralBuffer_Location,5525,2026-08-04 20:05:00
Bring Equipment,119,5525-5526,,Operator 3,Trailer_60,BW_(BKW_01)_Location,5526,2026-08-04 20:06:00
Trailer Loading,117,5526-5527,158~159~160~161~162~163~164~165~166~167~168~169~170~171~172~173~174~175~176~177~178~179~180~181~182~183~184~185~186~187~188~189~190~191~192~193~194~195~196~197~198~199~200~201~202~203~204~205~206~207,Operator 3,Trailer_60,BW_(BKW_01)_Location,5527,2026-08-04 20:07:00
Trailer Transport,120,5527-5528,158~159~160~161~162~163~164~165~166~167~168~169~170~171~172~173~174~175~176~177~178~179~180~181~182~183~184~185~186~187~188~189~190~191~192~193~194~195~196~197~198~199~200~201~202~203~204~205~206~207,Operator 3,Trailer_60,Trailer_60,5528,2026-08-04 20:08:00
Trailer Unloading,121,5528-5529,158~159~160~161~162~163~164~165~166~167~168~169~170~171~172~173~174~175~176~177~178~179~180~181~182~183~184~185~186~187~188~189~190~191~192~193~194~195~196~197~198~199~200~201~202~203~204~205~206~207,Operator 3,Trailer_60,OUT - Outsourced activity_(OUT - Outsourced)_Location,5529,2026-08-04 20:09:00
Operator Move,123,6240-6241,,Operator 1,-,OUT - Outsourced activity_(OUT - Outsourced)_Location,6241,2026-08-05 08:01:00
Machine Setup,122,6241-6242,158~159~160~161~162~163~164~165~166~167~168~169~170~171~172~173~174~175~176~177~178~179~180~181~182~183~184~185~186~187~188~189~190~191~192~193~194~195~196~197~198~199~200~201~202~203~204~205~206~207,Operator 1,OUT - Outsourced activity_(OUT - Outsourced),OUT - Outsourced activity_(OUT - Outsourced)_Location,6242,2026-08-05 08:02:00
Machine Loading,124,6243-6244,158~159~160~161~162~163~164~165~166~167~168~169~170~171~172~173~174~175~176~177~178~179~180~181~182~183~184~185~186~187~188~189~190~191~192~193~194~195~196~197~198~199~200~201~202~203~204~205~206~207,Operator 1,OUT - Outsourced activity_(OUT - Outsourced),OUT - Outsourced activity_(OUT - Outsourced)_Location,6244,2026-08-05 08:04:00
Operator Move,131,15212-15213,,Operator 1,-,OUT - Outsourced activity_(OUT - Outsourced)_Location,15213,2026-08-11 13:33:00
Machine Processing,125,6243-6720~7680-8160~9120-9600~13440-13920~14880-15212.0~15213-15214,158~159~160~161~162~163~164~165~166~167~168~169~170~171~172~173~174~175~176~177~178~179~180~181~182~183~184~185~186~187~188~189~190~191~192~193~194~195~196~197~198~199~200~201~202~203~204~205~206~207,OUT - Outsourced activity_(OUT - Outsourced),OUT - Outsourced activity_(OUT - Outsourced),OUT - Outsourced activity_(OUT - Outsourced)_Location,15214,2026-08-11 13:34:00
Machine Unloading,130,15213-15214,158~159~160~161~162~163~164~165~166~167~168~169~170~171~172~173~174~175~176~177~178~179~180~181~182~183~184~185~186~187~188~189~190~191~192~193~194~195~196~197~198~199~200~201~202~203~204~205~206~207,Operator 1,OUT - Outsourced activity_(OUT - Outsourced),OUT - Outsourced activity_(OUT - Outsourced)_Location,15214,2026-08-11 13:34:00
Operator Move,133,15215-15216,,Operator 1,-,CentralBuffer_Location,15216,2026-08-11 13:36:00
Bring Equipment,134,15216-15217,,Operator 1,Trailer_60,OUT - Outsourced activity_(OUT - Outsourced)_Location,15217,2026-08-11 13:37:00
Trailer Loading,132,15217-15218,158~159~160~161~162~163~164~165~166~167~168~169~170~171~172~173~174~175~176~177~178~179~180~181~182~183~184~185~186~187~188~189~190~191~192~193~194~195~196~197~198~199~200~201~202~203~204~205~206~207,Operator 1,Trailer_60,OUT - Outsourced activity_(OUT - Outsourced)_Location,15218,2026-08-11 13:38:00
Trailer Transport,135,15218-15219,158~159~160~161~162~163~164~165~166~167~168~169~170~171~172~173~174~175~176~177~178~179~180~181~182~183~184~185~186~187~188~189~190~191~192~193~194~195~196~197~198~199~200~201~202~203~204~205~206~207,Operator 1,Trailer_60,Trailer_60,15219,2026-08-11 13:39:00
Trailer Unloading,136,15219-15220,158~159~160~161~162~163~164~165~166~167~168~169~170~171~172~173~174~175~176~177~178~179~180~181~182~183~184~185~186~187~188~189~190~191~192~193~194~195~196~197~198~199~200~201~202~203~204~205~206~207,Operator 1,Trailer_60,PACK_(VERP_P)_Location,15220,2026-08-11 13:40:00
Machine Setup,137,15221-15222,158~159~160~161~162~163~164~165~166~167~168~169~170~171~172~173~174~175~176~177~178~179~180~181~182~183~184~185~186~187~188~189~190~191~192~193~194~195~196~197~198~199~200~201~202~203~204~205~206~207,Operator 1,PACK_(VERP_P),PACK_(VERP_P)_Location,15222,2026-08-11 13:42:00
Machine Loading,138,15223-15224,158~159~160~161~162~163~164~165~166~167~168~169~170~171~172~173~174~175~176~177~178~179~180~181~182~183~184~185~186~187~188~189~190~191~192~193~194~195~196~197~198~199~200~201~202~203~204~205~206~207,Operator 1,PACK_(VERP_P),PACK_(VERP_P)_Location,15224,2026-08-11 13:44:00
Machine Processing,139,15223-15272.0~15272-15273,158~159~160~161~162~163~164~165~166~167~168~169~170~171~172~173~174~175~176~177~178~179~180~181~182~183~184~185~186~187~188~189~190~191~192~193~194~195~196~197~198~199~200~201~202~203~204~205~206~207,PACK_(VERP_P),PACK_(VERP_P),PACK_(VERP_P)_Location,15273,2026-08-11 14:33:00
Machine Unloading,140,15272-15273,158~159~160~161~162~163~164~165~166~167~168~169~170~171~172~173~174~175~176~177~178~179~180~181~182~183~184~185~186~187~188~189~190~191~192~193~194~195~196~197~198~199~200~201~202~203~204~205~206~207,Operator 1,PACK_(VERP_P),PACK_(VERP_P)_Location,15273,2026-08-11 14:33:00
Trailer Loading,141,15274-15275,158~159~160~161~162~163~164~165~166~167~168~169~170~171~172~173~174~175~176~177~178~179~180~181~182~183~184~185~186~187~188~189~190~191~192~193~194~195~196~197~198~199~200~201~202~203~204~205~206~207,Operator 1,Trailer_60,PACK_(VERP_P)_Location,15275,2026-08-11 14:35:00
Trailer Transport,142,15275-15276,158~159~160~161~162~163~164~165~166~167~168~169~170~171~172~173~174~175~176~177~178~179~180~181~182~183~184~185~186~187~188~189~190~191~192~193~194~195~196~197~198~199~200~201~202~203~204~205~206~207,Operator 1,Trailer_60,Trailer_60,15276,2026-08-11 14:36:00
Trailer Unloading,143,15276-15277,158~159~160~161~162~163~164~165~166~167~168~169~170~171~172~173~174~175~176~177~178~179~180~181~182~183~184~185~186~187~188~189~190~191~192~193~194~195~196~197~198~199~200~201~202~203~204~205~206~207,Operator 1,Trailer_60,CentralBuffer_Location,15277,2026-08-11 14:37:00
