ID,Product,Product/ID,Quantity To Produce,Deadline,Work Orders/Work Center,Work Orders/Work Center/ID,Work Orders/Expected Duration,Work Orders/Start,Work Orders/End,Work Orders/Status,Processing Machine,Scheduled
__export__.mrp_production_1104_d3ae4426,[4022-651-55002A] Gpas preamp CB Box + cover assy,14975.0,27.0,2026-11-19 01:00:00,MP1 - Mat. prep - automatic sawing (ZGN_01),__export__.mrp_workcenter_63_98a7a00b,42.0,2025-02-28 11:30:57,2026-03-23 08:51:57,Finished,-,True
,,,,,M5-02 - AW - 5axis - Pallet Automation (FR5_02),__export__.mrp_workcenter_59_d6deab7b,1710.0,,,To Do,-,True
,,,,,M5-02 - AW - 5axis - Pallet Automation (FR5_02),__export__.mrp_workcenter_59_d6deab7b,1035.0,,,To Do,-,True
,,,,,BW - Benchwork (BKW_01),__export__.mrp_workcenter_66_9f807a30,108.0,,,To Do,-,True
,,,,,PACK - Packaging (VERP_P),__export__.mrp_workcenter_67_d1ac8ce6,27.0,,,To Do,-,True
__export__.mrp_production_1197_849443cd,[1082700B] Block cooling water TMP,14907.0,68.0,2026-11-19 01:00:00,M5-02 - AW - 5axis - Pallet Automation (FR5_02),__export__.mrp_workcenter_59_d6deab7b,2538.0,,,To Do,-,True
,,,,,"MP3 - Mat. prep - pre-cutted, only picking (UITG_M)",__export__.mrp_workcenter_65_c1e1b939,340.0,,,To Do,-,True
,,,,,BW - Benchwork (BKW_01),__export__.mrp_workcenter_66_9f807a30,340.0,,,To Do,-,True
,,,,,PACK - Packaging (VERP_P),__export__.mrp_workcenter_67_d1ac8ce6,68.0,,,To Do,-,True
__export__.mrp_production_5033_ffa23c2e,[4022.684.28993] RS C+H SLAB STAT PLT IL SIDE / CLS,18261.0,1.0,2026-05-29 02:00:00,MP1 - Mat. prep - automatic sawing (ZGN_01),__export__.mrp_workcenter_63_98a7a00b,16.0,2026-02-06 13:37:06,2026-02-06 13:37:06,Finished,-,True
,,,,,M5-03 - UMC1 - 5axis - Manual (UMC750),__export__.mrp_workcenter_61_bcb50df3,405.0,2026-02-06 13:38:20,2026-02-06 13:38:20,Finished,-,True
,,,,,M3-01 - AW - 3axis - Manual (FR3_01),__export__.mrp_workcenter_54_3f0243e1,113.0,2026-02-06 13:39:12,2026-02-06 13:39:12,Finished,-,True
,,,,,OUT - Outsourced activity,__export__.mrp_workcenter_68_8bff6631,4500.0,2026-07-10 08:00:00,2026-07-23 11:00:00,Finished,OUT - Outsourced activity_(OUT - Outsourced),True
,,,,,OUT - Outsourced activity,__export__.mrp_workcenter_68_8bff6631,4500.0,2026-07-24 08:00:00,2026-08-06 11:00:00,Finished,OUT - Outsourced activity_(OUT - Outsourced),True
__export__.mrp_production_5034_4d53b4c4,[4022.684.29043] RS C+H DYN ATTACH PLT IL SIDE / CLS,18342.0,1.0,2026-05-29 02:00:00,"MP3 - Mat. prep - pre-cutted, only picking (UITG_M)",__export__.mrp_workcenter_65_c1e1b939,1.0,2026-02-06 13:43:14,2026-02-06 13:43:14,Finished,-,True
,,,,,M5-03 - UMC1 - 5axis - Manual (UMC750),__export__.mrp_workcenter_61_bcb50df3,335.0,2026-02-06 13:43:09,2026-02-06 13:43:09,Finished,-,True
,,,,,OUT - Outsourced activity,__export__.mrp_workcenter_68_8bff6631,4500.0,2026-07-10 08:00:00,2026-07-23 11:00:00,Finished,OUT - Outsourced activity_(OUT - Outsourced),True
,,,,,OUT - Outsourced activity,__export__.mrp_workcenter_68_8bff6631,4500.0,2026-07-24 08:00:00,2026-08-06 11:00:00,Finished,OUT - Outsourced activity_(OUT - Outsourced),True
__export__.mrp_production_5035_e3dce293,[4022.684.28962] RS C+H DYN ATTACH PLT RH SIDE / CLS,18348.0,1.0,2026-05-29 02:00:00,"MP3 - Mat. prep - pre-cutted, only picking (UITG_M)",__export__.mrp_workcenter_65_c1e1b939,1.0,2026-02-06 13:36:30,2026-02-06 13:36:30,Finished,-,True
,,,,,M5-03 - UMC1 - 5axis - Manual (UMC750),__export__.mrp_workcenter_61_bcb50df3,335.0,2026-02-06 13:36:38,2026-02-06 13:36:38,Finished,-,True
,,,,,OUT - Outsourced activity,__export__.mrp_workcenter_68_8bff6631,4500.0,2026-07-10 08:00:00,2026-07-23 11:00:00,Finished,OUT - Outsourced activity_(OUT - Outsourced),True
,,,,,OUT - Outsourced activity,__export__.mrp_workcenter_68_8bff6631,4500.0,2026-07-24 08:00:00,2026-08-06 11:00:00,Finished,OUT - Outsourced activity_(OUT - Outsourced),True
__export__.mrp_production_5036_bec2ca68,[4022.684.28842] RS C+H SLAB STAT PLT RH SIDE / CLS,18349.0,1.0,2026-05-29 02:00:00,MP1 - Mat. prep - automatic sawing (ZGN_01),__export__.mrp_workcenter_63_98a7a00b,16.0,2026-02-06 13:44:01,2026-02-06 13:44:01,Finished,-,True
,,,,,M5-03 - UMC1 - 5axis - Manual (UMC750),__export__.mrp_workcenter_61_bcb50df3,405.0,2026-02-06 13:44:10,2026-02-06 13:44:10,Finished,-,True
,,,,,M3-01 - AW - 3axis - Manual (FR3_01),__export__.mrp_workcenter_54_3f0243e1,113.0,2026-02-06 13:43:55,2026-02-06 13:43:55,Finished,-,True
,,,,,OUT - Outsourced activity,__export__.mrp_workcenter_68_8bff6631,4500.0,2026-07-10 08:00:00,2026-07-23 11:00:00,Finished,OUT - Outsourced activity_(OUT - Outsourced),True
,,,,,OUT - Outsourced activity,__export__.mrp_workcenter_68_8bff6631,4500.0,2026-07-24 08:00:00,2026-08-06 11:00:00,Finished,OUT - Outsourced activity_(OUT - Outsourced),True
__export__.mrp_production_5037_60eed60d,[4022.656.37971] UXL2 DGF QCK CONNECT MANIFOLD / CLS,18350.0,5.0,2026-05-29 02:00:00,"MP3 - Mat. prep - pre-cutted, only picking (UITG_M)",__export__.mrp_workcenter_65_c1e1b939,5.0,2026-02-06 13:43:33,2026-02-06 13:43:33,Finished,-,True
,,,,,M5-03 - UMC1 - 5axis - Manual (UMC750),__export__.mrp_workcenter_61_bcb50df3,710.0,2026-02-06 13:43:37,2026-02-06 13:43:37,Finished,-,True
,,,,,M5-03 - UMC1 - 5axis - Manual (UMC750),__export__.mrp_workcenter_61_bcb50df3,125.0,2026-02-06 13:43:40,2026-02-06 13:43:40,Finished,-,True
,,,,,OUT - Outsourced activity,__export__.mrp_workcenter_68_8bff6631,2250.0,2026-07-10 08:00:00,2026-07-16 13:30:00,Finished,OUT - Outsourced activity_(OUT - Outsourced),True
__export__.mrp_production_5325_9ceb90b0,[4023-002-36551] filter plate wide Cu0.4 Rh0.06,15014.0,25.0,2026-01-16 08:00:00,MP2 - Mat. prep - manual sawing (ZGN_02),__export__.mrp_workcenter_64_95992ef5,25.0,2026-02-06 14:30:25,2026-02-06 14:30:25,Finished,-,True
,,,,,M4-01 - AW - 4axis - Conveyor Automation (FR4_01),__export__.mrp_workcenter_56_d6637dea,165.0,2026-02-06 14:30:36,2026-03-23 10:49:37,Finished,-,True
,,,,,BW - Benchwork (BKW_01),__export__.mrp_workcenter_66_9f807a30,125.0,2026-07-10 08:00:00,2026-07-10 10:05:00,Finished,BW_(BKW_01),True
,,,,,PACK - Packaging (VERP_P),__export__.mrp_workcenter_67_d1ac8ce6,25.0,2026-07-10 10:15:00,2026-07-10 10:40:00,Finished,PACK_(VERP_P),True
__export__.mrp_production_5495_6bea93ed,[1207568A] Cable clamp,14912.0,30.0,2026-03-16 09:00:00,M5-03 - UMC1 - 5axis - Manual (UMC750),__export__.mrp_workcenter_61_bcb50df3,660.0,2026-08-17 08:00:00,2026-08-17 19:00:00,Finished,UMC750_(M5-03),True
,,,,,PACK - Packaging (VERP_P),__export__.mrp_workcenter_67_d1ac8ce6,30.0,2026-08-18 08:00:00,2026-08-18 08:30:00,Finished,PACK_(VERP_P),True
__export__.mrp_production_5680_ed5f1e28,[4022.622.61481] RH RED GRIPPER TUNGSTEN MASS ,7359.0,24.0,2026-03-30 02:00:00,"MP3 - Mat. prep - pre-cutted, only picking (UITG_M)",__export__.mrp_workcenter_65_c1e1b939,24.0,2000-01-01 00:00:00,2000-01-01 00:00:00,Cancelled,-,True
,,,,,OUT - Outsourced activity,__export__.mrp_workcenter_68_8bff6631,9000.0,2026-07-10 08:00:00,2026-08-05 14:00:00,Finished,OUT - Outsourced activity_(OUT - Outsourced),True
__export__.mrp_production_5822_d253f190,[4512-127-05186B] Anschlag,15017.0,979.0,2026-06-15 02:00:00,MP1 - Mat. prep - automatic sawing (ZGN_01),__export__.mrp_workcenter_63_98a7a00b,994.0,2026-03-23 09:45:11,2026-03-23 09:46:04,Finished,-,True
,,,,,BW - Benchwork (BKW_01),__export__.mrp_workcenter_66_9f807a30,979.0,2026-07-10 10:20:00,2026-07-13 10:39:00,Finished,BW_(BKW_01),True
,,,,,PACK - Packaging (VERP_P),__export__.mrp_workcenter_67_d1ac8ce6,979.0,2026-07-14 21:41:00,2026-07-15 22:00:00,Finished,PACK_(VERP_P),True
,,,,,M5-01 - AW - 5axis - Conveyor Automation (FR5_01),__export__.mrp_workcenter_58_a525d5b9,2048.0,2026-05-06 13:02:49,2026-05-06 13:02:50,Finished,-,True
__export__.mrp_production_5851_eb3587d0,[B620261-5] COOLING HOUSE,15026.0,2.0,2026-04-02 12:00:00,"MP3 - Mat. prep - pre-cutted, only picking (UITG_M)",__export__.mrp_workcenter_65_c1e1b939,0.0,2026-03-23 09:52:13,2026-03-23 09:52:18,Finished,-,True
,,,,,OUT - Outsourced activity,__export__.mrp_workcenter_68_8bff6631,2250.0,2026-07-10 08:00:00,2026-07-16 13:30:00,Finished,OUT - Outsourced activity_(OUT - Outsourced),True
,,,,,M3-01 - AW - 3axis - Manual (FR3_01),__export__.mrp_workcenter_54_3f0243e1,210.0,2026-06-09 13:05:33,2026-06-09 13:05:35,Finished,-,True
,,,,,M3-02 - AW - 3axis - Manual (FR3_02),__export__.mrp_workcenter_55_15609e22,1050.0,2026-06-09 13:05:36,2026-06-09 13:05:38,Finished,-,True
,,,,,BW - Benchwork (BKW_01),__export__.mrp_workcenter_66_9f807a30,180.0,2026-06-09 13:05:40,2026-06-09 13:05:41,Finished,-,True
,,,,,PACK - Packaging (VERP_P),__export__.mrp_workcenter_67_d1ac8ce6,2.0,2026-07-10 08:00:00,2026-07-10 08:02:00,Finished,PACK_(VERP_P),True
__export__.mrp_production_6020_2cead996,[4598-008-08901B POS 1] CEILING INLET*,15022.0,80.0,2026-03-19 10:00:00,M3-02 - AW - 3axis - Manual (FR3_02),__export__.mrp_workcenter_55_15609e22,410.0,2026-03-23 10:50:40,2026-03-23 10:50:42,Finished,-,True
,,,,,MP1 - Mat. prep - automatic sawing (ZGN_01),__export__.mrp_workcenter_63_98a7a00b,95.0,2000-01-01 00:00:00,2000-01-01 00:00:00,Cancelled,-,True
,,,,,M4-02 - AW - 4axis - Conveyor Automation (FR4_02),__export__.mrp_workcenter_57_6faf5319,2090.0,2000-01-01 00:00:00,2000-01-01 00:00:00,Cancelled,-,True
,,,,,BW - Benchwork (BKW_01),__export__.mrp_workcenter_66_9f807a30,240.0,2026-07-14 12:00:00,2026-07-14 16:00:00,Finished,BW_(BKW_01),True
,,,,,OUT - Outsourced activity,__export__.mrp_workcenter_68_8bff6631,9000.0,2026-07-22 08:00:00,2026-08-17 14:00:00,Finished,OUT - Outsourced activity_(OUT - Outsourced),True
,,,,,PACK - Packaging (VERP_P),__export__.mrp_workcenter_67_d1ac8ce6,80.0,2026-08-17 16:00:00,2026-08-17 17:20:00,Finished,PACK_(VERP_P),True
__export__.mrp_production_6126_02e4cab5,[4022-333-11506] lagerblok,14916.0,86.0,2026-04-21 12:00:00,MP1 - Mat. prep - automatic sawing (ZGN_01),__export__.mrp_workcenter_63_98a7a00b,101.0,2026-04-17 13:00:16,2026-04-17 13:00:16,Finished,-,True
,,,,,M3-01 - AW - 3axis - Manual (FR3_01),__export__.mrp_workcenter_54_3f0243e1,176.0,2026-07-10 09:30:00,2026-07-10 12:26:00,Finished,M3-01_(FR3_01),True
,,,,,M5-02 - AW - 5axis - Pallet Automation (FR5_02),__export__.mrp_workcenter_59_d6deab7b,1896.0,2026-07-10 13:15:00,2026-07-13 20:51:00,Finished,M5-02_(FR5_02),True
,,,,,M3-01 - AW - 3axis - Manual (FR3_01),__export__.mrp_workcenter_54_3f0243e1,520.0,2026-07-14 08:00:00,2026-07-14 16:40:00,Finished,M3-01_(FR3_01),True
,,,,,BW - Benchwork (BKW_01),__export__.mrp_workcenter_66_9f807a30,172.0,2026-07-14 16:45:00,2026-07-14 19:37:00,Finished,BW_(BKW_01),True
,,,,,PACK - Packaging (VERP_P),__export__.mrp_workcenter_67_d1ac8ce6,86.0,2026-07-14 20:00:00,2026-07-14 21:26:00,Finished,PACK_(VERP_P),True
__export__.mrp_production_6127_8d0cae6b,[00385-00-113A] Tensioner plate,14887.0,700.0,2026-04-30 16:00:00,"MP3 - Mat. prep - pre-cutted, only picking (UITG_M)",__export__.mrp_workcenter_65_c1e1b939,700.0,2026-06-10 15:44:57,2026-06-10 15:44:58,Finished,-,True
,,,,,M4-02 - AW - 4axis - Conveyor Automation (FR4_02),__export__.mrp_workcenter_57_6faf5319,10590.0,2026-07-21 08:00:00,2026-07-30 16:30:00,Finished,M4-01_(FR4_01),True
,,,,,BW - Benchwork (BKW_01),__export__.mrp_workcenter_66_9f807a30,2100.0,2026-07-31 16:55:00,2026-08-04 19:55:00,Finished,BW_(BKW_01),True
,,,,,PACK - Packaging (VERP_P),__export__.mrp_workcenter_67_d1ac8ce6,700.0,2026-08-05 08:00:00,2026-08-05 19:40:00,Finished,PACK_(VERP_P),True
__export__.mrp_production_6128_adce9df4,[00385-00-329-A] End plate finger safety hinge,14891.0,319.0,2026-04-30 16:00:00,MP1 - Mat. prep - automatic sawing (ZGN_01),__export__.mrp_workcenter_63_98a7a00b,365.0,2026-06-10 15:45:11,2026-06-10 15:45:13,Finished,-,True
,,,,,M3-01 - AW - 3axis - Manual (FR3_01),__export__.mrp_workcenter_54_3f0243e1,1140.0,2026-07-10 12:41:00,2026-07-13 15:41:00,Finished,M3-01_(FR3_01),True
,,,,,OUT - Outsourced activity,__export__.mrp_workcenter_68_8bff6631,2250.0,2026-07-14 08:00:00,2026-07-20 13:30:00,Finished,OUT - Outsourced activity_(OUT - Outsourced),True
,,,,,PACK - Packaging (VERP_P),__export__.mrp_workcenter_67_d1ac8ce6,319.0,2026-07-20 14:00:00,2026-07-20 19:19:00,Finished,PACK_(VERP_P),True
,,,,,BW - Benchwork (BKW_01),__export__.mrp_workcenter_66_9f807a30,319.0,2026-07-21 08:00:00,2026-07-21 13:19:00,Finished,BW_(BKW_01),True
__export__.mrp_production_6135_7a4fa595,[4598-008-08901B POS 1] CEILING INLET*,15022.0,389.0,2026-06-26 02:00:00,OUT - Outsourced activity,__export__.mrp_workcenter_68_8bff6631,6459.75,2026-04-07 10:54:07,2026-04-28 13:03:52,Finished,-,True
,,,,,MP1 - Mat. prep - automatic sawing (ZGN_01),__export__.mrp_workcenter_63_98a7a00b,404.0,2026-04-13 09:28:03,2026-04-13 09:28:05,Finished,-,True
,,,,,PACK - Packaging (VERP_P),__export__.mrp_workcenter_67_d1ac8ce6,389.0,2026-07-10 10:55:00,2026-07-10 17:24:00,Finished,PACK_(VERP_P),True
,,,,,M4-02 - AW - 4axis - Conveyor Automation (FR4_02),__export__.mrp_workcenter_57_6faf5319,9815.0,2026-08-04 08:00:00,2026-08-13 03:35:00,Finished,M4-01_(FR4_01),True
,,,,,M3-01 - AW - 3axis - Manual (FR3_01),__export__.mrp_workcenter_54_3f0243e1,1646.0,2026-08-13 08:00:00,2026-08-14 19:26:00,Finished,M3-01_(FR3_01),True
,,,,,BW - Benchwork (BKW_01),__export__.mrp_workcenter_66_9f807a30,1167.0,,,To Do,-,True
__export__.mrp_production_6143_61892801,[4022-333-13805] dr pnt cilinder,14917.0,120.0,2026-07-10 02:00:00,MP1 - Mat. prep - automatic sawing (ZGN_01),__export__.mrp_workcenter_63_98a7a00b,135.0,2026-04-10 11:45:20,2026-04-10 11:45:21,Finished,-,True
,,,,,OUT - Outsourced activity,__export__.mrp_workcenter_68_8bff6631,2250.0,2026-07-10 08:00:00,2026-07-16 13:30:00,Finished,OUT - Outsourced activity_(OUT - Outsourced),True
,,,,,M5-02 - AW - 5axis - Pallet Automation (FR5_02),__export__.mrp_workcenter_59_d6deab7b,1890.0,2026-07-29 16:00:00,2026-07-30 23:30:00,Finished,M5-02_(FR5_02),True
,,,,,M3-01 - AW - 3axis - Manual (FR3_01),__export__.mrp_workcenter_54_3f0243e1,210.0,2026-08-07 10:01:00,2026-08-07 13:31:00,Finished,M3-01_(FR3_01),True
,,,,,BW - Benchwork (BKW_01),__export__.mrp_workcenter_66_9f807a30,120.0,2026-08-10 19:01:00,2026-08-10 21:01:00,Finished,BW_(BKW_01),True
,,,,,PACK - Packaging (VERP_P),__export__.mrp_workcenter_67_d1ac8ce6,120.0,2026-08-11 20:20:00,2026-08-11 22:20:00,Finished,PACK_(VERP_P),True
__export__.mrp_production_6144_c071ebc2,[M0216-01-091-A] Bev. Klitteband,15041.0,1500.0,2026-07-07 02:00:00,MP1 - Mat. prep - automatic sawing (ZGN_01),__export__.mrp_workcenter_63_98a7a00b,1515.0,2026-04-15 10:26:15,2026-04-15 10:26:15,Finished,-,True
,,,,,M3-01 - AW - 3axis - Manual (FR3_01),__export__.mrp_workcenter_54_3f0243e1,90.0,2026-07-14 22:40:00,2026-07-15 08:10:00,Finished,M3-01_(FR3_01),True
,,,,,MP1 - Mat. prep - automatic sawing (ZGN_01),__export__.mrp_workcenter_63_98a7a00b,1515.0,2026-07-15 16:00:00,2026-07-17 09:15:00,Finished,MP1 - Material preparation - automatic sawing (ZGN_01),True
,,,,,BW - Benchwork (BKW_01),__export__.mrp_workcenter_66_9f807a30,1500.0,2026-07-17 10:00:00,2026-07-20 19:00:00,Finished,BW_(BKW_01),True
,,,,,PACK - Packaging (VERP_P),__export__.mrp_workcenter_67_d1ac8ce6,1500.0,2026-07-28 10:31:00,2026-07-29 19:31:00,Finished,PACK_(VERP_P),True
__export__.mrp_production_6160_45a88c11,[4022.704.19282] RH RED GRIPPER BODY,14210.0,60.0,2026-08-25 02:00:00,"MP3 - Mat. prep - pre-cutted, only picking (UITG_M)",__export__.mrp_workcenter_65_c1e1b939,60.0,2026-05-12 13:49:04,2026-05-12 13:49:07,Finished,-,True
,,,,,M5-06 - UMC400 - 5axis  - Manual (UMC400),__export__.mrp_workcenter_84_05c538b3,3660.0,2026-07-23 08:00:00,2026-07-27 21:00:00,Finished,UMC750SS_(M5-04),True
,,,,,M5-03 - UMC1 - 5axis - Manual (UMC750),__export__.mrp_workcenter_61_bcb50df3,28860.0,,,To Do,-,True
,,,,,M5-06 - UMC400 - 5axis  - Manual (UMC400),__export__.mrp_workcenter_84_05c538b3,3660.0,,,To Do,-,True
,,,,,OUT - Outsourced activity,__export__.mrp_workcenter_68_8bff6631,2250.0,,,To Do,-,True
,,,,,OUT - Outsourced activity,__export__.mrp_workcenter_68_8bff6631,6002.43,2026-05-12 13:49:09,2026-06-02 15:51:35,Finished,-,True
__export__.mrp_production_6163_61e3daa7,[00429-00-249-A] Plint adjust strip,14894.0,418.0,2026-05-12 12:00:00,MP1 - Mat. prep - automatic sawing (ZGN_01),__export__.mrp_workcenter_63_98a7a00b,17.0,2026-06-09 13:03:44,2026-06-09 13:03:46,Finished,-,True
,,,,,M4-01 - AW - 4axis - Conveyor Automation (FR4_01),__export__.mrp_workcenter_56_d6637dea,96.0,2026-06-09 13:03:47,2026-06-09 13:03:55,Finished,-,True
,,,,,BW - Benchwork (BKW_01),__export__.mrp_workcenter_66_9f807a30,1.0,2026-06-09 13:03:53,2026-06-09 13:03:56,Finished,-,True
,,,,,OUT - Outsourced activity,__export__.mrp_workcenter_68_8bff6631,2250.0,2026-07-10 08:00:00,2026-07-16 13:30:00,Finished,OUT - Outsourced activity_(OUT - Outsourced),True
,,,,,PACK - Packaging (VERP_P),__export__.mrp_workcenter_67_d1ac8ce6,1.0,2026-07-16 16:00:00,2026-07-16 16:01:00,Finished,PACK_(VERP_P),True
__export__.mrp_production_6192_3443eb6e,[M0216-01-363-B] nul-graden arretsegment,15042.0,50.0,2026-02-23 11:00:00,MP1 - Mat. prep - automatic sawing (ZGN_01),__export__.mrp_workcenter_63_98a7a00b,65.0,2000-01-01 00:00:00,2000-01-01 00:00:00,Cancelled,-,True
,,,,,M3-02 - AW - 3axis - Manual (FR3_02),__export__.mrp_workcenter_55_15609e22,240.0,2026-04-17 13:07:31,2026-04-17 13:07:33,Finished,-,True
,,,,,M3-02 - AW - 3axis - Manual (FR3_02),__export__.mrp_workcenter_55_15609e22,1490.0,2026-08-12 08:00:00,2026-08-13 16:50:00,Finished,M3-02_(FR3_02),True
,,,,,BW - Benchwork (BKW_01),__export__.mrp_workcenter_66_9f807a30,100.0,2026-08-14 08:00:00,2026-08-14 09:40:00,Finished,BW_(BKW_01),True
,,,,,OUT - Outsourced activity,__export__.mrp_workcenter_68_8bff6631,2250.0,,,To Do,-,True
,,,,,PACK - Packaging (VERP_P),__export__.mrp_workcenter_67_d1ac8ce6,50.0,,,To Do,-,True
__export__.mrp_production_6194_00aea810,[1508130 B] [Q] excenter housing z,16893.0,115.0,2026-02-16 10:00:00,MP1 - Mat. prep - automatic sawing (ZGN_01),__export__.mrp_workcenter_63_98a7a00b,130.0,2000-01-01 00:00:00,2000-01-01 00:00:00,Cancelled,-,True
,,,,,M5-01 - AW - 5axis - Conveyor Automation (FR5_01),__export__.mrp_workcenter_58_a525d5b9,5840.0,2026-04-15 13:49:48,2026-06-10 15:53:48,Finished,-,True
,,,,,M3-03 - VF - 3axis - Manual (VF2SS),__export__.mrp_workcenter_60_6593b576,635.0,2026-08-10 16:00:00,2026-08-11 10:35:00,Finished,VF2SS_(M3-03),True
,,,,,BW - Benchwork (BKW_01),__export__.mrp_workcenter_66_9f807a30,575.0,2026-08-11 12:00:00,2026-08-11 21:35:00,Finished,BW_(BKW_01),True
,,,,,PACK - Packaging (VERP_P),__export__.mrp_workcenter_67_d1ac8ce6,115.0,2026-08-12 08:00:00,2026-08-12 09:55:00,Finished,PACK_(VERP_P),True
__export__.mrp_production_6199_a3feca82,[4598-008-08901B POS 1] CEILING INLET*,15022.0,92.0,2026-04-10 02:00:00,MP1 - Mat. prep - automatic sawing (ZGN_01),__export__.mrp_workcenter_63_98a7a00b,107.0,2000-01-01 00:00:00,2000-01-01 00:00:00,Cancelled,-,True
,,,,,M4-02 - AW - 4axis - Conveyor Automation (FR4_02),__export__.mrp_workcenter_57_6faf5319,2390.0,2000-01-01 00:00:00,2000-01-01 00:00:00,Cancelled,-,True
,,,,,M3-01 - AW - 3axis - Manual (FR3_01),__export__.mrp_workcenter_54_3f0243e1,458.0,2000-01-01 00:00:00,2000-01-01 00:00:00,Cancelled,-,True
,,,,,BW - Benchwork (BKW_01),__export__.mrp_workcenter_66_9f807a30,276.0,2026-08-07 08:00:00,2026-08-07 12:36:00,Finished,BW_(BKW_01),True
,,,,,OUT - Outsourced activity,__export__.mrp_workcenter_68_8bff6631,9000.0,,,To Do,-,True
,,,,,PACK - Packaging (VERP_P),__export__.mrp_workcenter_67_d1ac8ce6,92.0,,,To Do,-,True
__export__.mrp_production_6204_58badac8,[4022-470-85441] 1/2TE Compens Guide 160mm,14933.0,20.0,2026-07-07 02:00:00,MP1 - Mat. prep - automatic sawing (ZGN_01),__export__.mrp_workcenter_63_98a7a00b,35.0,2026-06-10 15:57:20,2026-06-10 15:57:21,Finished,-,True
,,,,,M4-02 - AW - 4axis - Conveyor Automation (FR4_02),__export__.mrp_workcenter_57_6faf5319,290.0,2026-07-16 08:57:00,2026-07-16 13:47:00,Finished,M4-02_(FR4_02),True
,,,,,M4-01 - AW - 4axis - Conveyor Automation (FR4_01),__export__.mrp_workcenter_56_d6637dea,390.0,2026-07-20 19:53:00,2026-07-21 02:23:00,Finished,M4-01_(FR4_01),True
,,,,,BW - Benchwork (BKW_01),__export__.mrp_workcenter_66_9f807a30,20.0,2026-07-21 13:34:00,2026-07-21 13:54:00,Finished,BW_(BKW_01),True
,,,,,PACK - Packaging (VERP_P),__export__.mrp_workcenter_67_d1ac8ce6,20.0,2026-07-21 14:00:00,2026-07-21 14:20:00,Finished,PACK_(VERP_P),True
__export__.mrp_production_6205_8e927596,[00385-00-274-D] Filling block,14888.0,616.0,2026-05-14 12:00:00,MP1 - Mat. prep - automatic sawing (ZGN_01),__export__.mrp_workcenter_63_98a7a00b,631.0,2026-06-10 15:51:47,2026-06-10 15:51:48,Finished,-,True
,,,,,M4-01 - AW - 4axis - Conveyor Automation (FR4_01),__export__.mrp_workcenter_56_d6637dea,5018.0,2026-07-15 08:00:00,2026-07-20 19:38:00,Finished,M4-01_(FR4_01),True
,,,,,M3-01 - AW - 3axis - Manual (FR3_01),__export__.mrp_workcenter_54_3f0243e1,1938.0,2026-07-22 16:00:00,2026-07-24 16:18:00,Finished,M3-01_(FR3_01),True
,,,,,BW - Benchwork (BKW_01),__export__.mrp_workcenter_66_9f807a30,616.0,2026-07-24 18:00:00,2026-07-27 12:16:00,Finished,BW_(BKW_01),True
,,,,,PACK - Packaging (VERP_P),__export__.mrp_workcenter_67_d1ac8ce6,616.0,2026-07-27 16:00:00,2026-07-28 10:16:00,Finished,PACK_(VERP_P),True
__export__.mrp_production_6206_24cb6a6a,[00385-00-320-A] Plint adjust strip,14889.0,654.0,2026-05-21 12:00:00,MP1 - Mat. prep - automatic sawing (ZGN_01),__export__.mrp_workcenter_63_98a7a00b,669.0,2026-06-10 15:52:24,2026-06-10 15:52:26,Finished,-,True
,,,,,M4-01 - AW - 4axis - Conveyor Automation (FR4_01),__export__.mrp_workcenter_56_d6637dea,4014.0,2026-07-10 08:00:00,2026-07-15 02:54:00,Finished,M4-01_(FR4_01),True
,,,,,BW - Benchwork (BKW_01),__export__.mrp_workcenter_66_9f807a30,654.0,2026-07-15 08:00:00,2026-07-15 18:54:00,Finished,BW_(BKW_01),True
,,,,,OUT - Outsourced activity,__export__.mrp_workcenter_68_8bff6631,2250.0,2026-07-16 08:00:00,2026-07-22 13:30:00,Finished,OUT - Outsourced activity_(OUT - Outsourced),True
,,,,,PACK - Packaging (VERP_P),__export__.mrp_workcenter_67_d1ac8ce6,654.0,2026-07-22 14:00:00,2026-07-23 08:54:00,Finished,PACK_(VERP_P),True
__export__.mrp_production_6207_1e14eead,[00385-00-321-A] Plint fixing strip left,14890.0,714.0,2026-05-21 12:00:00,MP1 - Mat. prep - automatic sawing (ZGN_01),__export__.mrp_workcenter_63_98a7a00b,729.0,2026-06-10 15:52:29,2026-06-10 15:52:31,Finished,-,True
,,,,,M4-01 - AW - 4axis - Conveyor Automation (FR4_01),__export__.mrp_workcenter_56_d6637dea,5802.0,2026-07-16 16:00:00,2026-07-22 16:42:00,Finished,M4-02_(FR4_02),True
,,,,,M3-01 - AW - 3axis - Manual (FR3_01),__export__.mrp_workcenter_54_3f0243e1,2946.0,2026-07-27 08:00:00,2026-07-30 09:06:00,Finished,M3-01_(FR3_01),True
,,,,,BW - Benchwork (BKW_01),__export__.mrp_workcenter_66_9f807a30,1428.0,2026-08-04 20:10:00,2026-08-06 11:58:00,Finished,BW_(BKW_01),True
,,,,,OUT - Outsourced activity,__export__.mrp_workcenter_68_8bff6631,2250.0,2026-08-07 08:00:00,2026-08-13 13:30:00,Finished,OUT - Outsourced activity_(OUT - Outsourced),True
,,,,,PACK - Packaging (VERP_P),__export__.mrp_workcenter_67_d1ac8ce6,714.0,2026-08-13 14:00:00,2026-08-14 09:54:00,Finished,PACK_(VERP_P),True
__export__.mrp_production_6208_1095546a,[00385-00-346-A] Plint fixing strip right,14892.0,714.0,2026-05-21 12:00:00,MP1 - Mat. prep - automatic sawing (ZGN_01),__export__.mrp_workcenter_63_98a7a00b,729.0,2026-06-10 15:52:39,2026-06-10 15:52:40,Finished,-,True
,,,,,M4-01 - AW - 4axis - Conveyor Automation (FR4_01),__export__.mrp_workcenter_56_d6637dea,5802.0,2026-07-10 08:00:00,2026-07-16 08:42:00,Finished,M4-02_(FR4_02),True
,,,,,M3-01 - AW - 3axis - Manual (FR3_01),__export__.mrp_workcenter_54_3f0243e1,2946.0,2026-07-16 10:00:00,2026-07-21 11:06:00,Finished,M3-01_(FR3_01),True
,,,,,BW - Benchwork (BKW_01),__export__.mrp_workcenter_66_9f807a30,1428.0,2026-07-22 08:00:00,2026-07-23 15:48:00,Finished,BW_(BKW_01),True
,,,,,OUT - Outsourced activity,__export__.mrp_workcenter_68_8bff6631,6506.08,2026-07-24 08:00:00,2026-08-12 12:26:04.800000,Finished,OUT - Outsourced activity_(OUT - Outsourced),True
,,,,,PACK - Packaging (VERP_P),__export__.mrp_workcenter_67_d1ac8ce6,714.0,2026-08-12 12:40:00,2026-08-13 08:34:00,Finished,PACK_(VERP_P),True
__export__.mrp_production_6209_9f61b525,[00429-00-662-B] Arret lever,14895.0,420.0,2026-05-14 12:00:00,MP1 - Mat. prep - automatic sawing (ZGN_01),__export__.mrp_workcenter_63_98a7a00b,35.0,2026-06-10 15:53:08,2026-06-10 15:53:10,Finished,-,True
,,,,,M4-02 - AW - 4axis - Conveyor Automation (FR4_02),__export__.mrp_workcenter_57_6faf5319,370.0,2026-07-31 08:00:00,2026-07-31 14:10:00,Finished,M4-01_(FR4_01),True
,,,,,BW - Benchwork (BKW_01),__export__.mrp_workcenter_66_9f807a30,40.0,2026-07-31 16:00:00,2026-07-31 16:40:00,Finished,BW_(BKW_01),True
,,,,,PACK - Packaging (VERP_P),__export__.mrp_workcenter_67_d1ac8ce6,20.0,2026-08-03 08:00:00,2026-08-03 08:20:00,Finished,PACK_(VERP_P),True
__export__.mrp_production_6210_afc3a4ad,[1508130 B] [Q] excenter housing z,16893.0,160.0,2026-05-14 12:00:00,MP1 - Mat. prep - automatic sawing (ZGN_01),__export__.mrp_workcenter_63_98a7a00b,175.0,2026-06-10 15:53:52,2026-06-10 15:53:53,Finished,-,True
,,,,,M5-02 - AW - 5axis - Pallet Automation (FR5_02),__export__.mrp_workcenter_59_d6deab7b,8090.0,2026-07-13 22:00:00,2026-07-21 12:50:00,Finished,M5-02_(FR5_02),True
,,,,,M3-01 - AW - 3axis - Manual (FR3_01),__export__.mrp_workcenter_54_3f0243e1,890.0,2026-07-21 16:00:00,2026-07-22 14:50:00,Finished,M3-01_(FR3_01),True
,,,,,BW - Benchwork (BKW_01),__export__.mrp_workcenter_66_9f807a30,800.0,2026-07-23 16:00:00,2026-07-24 13:20:00,Finished,BW_(BKW_01),True
,,,,,PACK - Packaging (VERP_P),__export__.mrp_workcenter_67_d1ac8ce6,160.0,2026-07-24 16:00:00,2026-07-24 18:40:00,Finished,PACK_(VERP_P),True
__export__.mrp_production_6226_16fa701d,[4022-651-14271] NXT WS MK41 DC TEMP CONN PLATE,14974.0,100.0,2026-07-01 02:00:00,MP1 - Mat. prep - automatic sawing (ZGN_01),__export__.mrp_workcenter_63_98a7a00b,115.0,2026-06-10 15:59:03,2026-06-10 15:59:05,Finished,-,True
,,,,,M4-01 - AW - 4axis - Conveyor Automation (FR4_01),__export__.mrp_workcenter_56_d6637dea,1290.0,2026-08-13 08:00:00,2026-08-14 05:30:00,Finished,M4-01_(FR4_01),True
,,,,,BW - Benchwork (BKW_01),__export__.mrp_workcenter_66_9f807a30,100.0,2026-08-18 13:10:00,2026-08-18 14:50:00,Finished,BW_(BKW_01),True
,,,,,PACK - Packaging (VERP_P),__export__.mrp_workcenter_67_d1ac8ce6,100.0,2026-08-18 15:00:00,2026-08-18 16:40:00,Finished,PACK_(VERP_P),True
,,,,,OUT - Outsourced activity,__export__.mrp_workcenter_68_8bff6631,2250.0,,,To Do,-,True
,,,,,PACK - Packaging (VERP_P),__export__.mrp_workcenter_67_d1ac8ce6,100.0,,,To Do,-,True
__export__.mrp_production_6233_88adf94a,[4022.647.81691] PIPE CLAMP ISOLATE BOTTOM FRONT,19359.0,15.0,2026-06-26 02:00:00,MP1 - Mat. prep - automatic sawing (ZGN_01),__export__.mrp_workcenter_63_98a7a00b,30.0,2026-06-10 15:59:14,2026-06-10 15:59:16,Finished,-,True
,,,,,M5-01 - AW - 5axis - Conveyor Automation (FR5_01),__export__.mrp_workcenter_58_a525d5b9,990.0,2026-06-10 15:59:17,2026-06-10 15:59:18,Finished,-,True
__export__.mrp_production_6238_c3622eeb,[7005-2580-0014] Backplate V01-00 / NFI / 27244701,17992.0,7.0,2026-06-19 02:00:00,"MP3 - Mat. prep - pre-cutted, only picking (UITG_M)",__export__.mrp_workcenter_65_c1e1b939,7.0,2026-06-10 15:59:24,2026-06-10 15:59:25,Finished,-,True
,,,,,M3-02 - AW - 3axis - Manual (FR3_02),__export__.mrp_workcenter_55_15609e22,2274.0,2026-07-10 08:00:00,2026-07-14 13:54:00,Finished,M3-02_(FR3_02),True
,,,,,OUT - Outsourced activity,__export__.mrp_workcenter_68_8bff6631,2250.0,2026-07-14 14:00:00,2026-07-21 11:30:00,Finished,OUT - Outsourced activity_(OUT - Outsourced),True
__export__.mrp_production_6239_138faa60,[7005-2580-0010] Cylinder bracket V01-00 / NFI / 27244703,16360.0,4.0,2026-06-19 02:00:00,"MP3 - Mat. prep - pre-cutted, only picking (UITG_M)",__export__.mrp_workcenter_65_c1e1b939,1.0,2026-06-10 15:59:28,2026-06-10 15:59:30,Finished,-,True
,,,,,M3-03 - VF - 3axis - Manual (VF2SS),__export__.mrp_workcenter_60_6593b576,101.0,2026-07-10 08:00:00,2026-07-10 09:41:00,Finished,VF2SS_(M3-03),True
,,,,,OUT - Outsourced activity,__export__.mrp_workcenter_68_8bff6631,2250.0,2026-07-10 09:45:00,2026-07-16 15:15:00,Finished,OUT - Outsourced activity_(OUT - Outsourced),True
__export__.mrp_production_6240_135bf573,[7005-2580-0015] Baseplate V01-00 / NFI / 27244702,17993.0,7.0,2026-06-19 02:00:00,"MP3 - Mat. prep - pre-cutted, only picking (UITG_M)",__export__.mrp_workcenter_65_c1e1b939,7.0,2026-06-10 15:59:33,2026-06-10 15:59:35,Finished,-,True
,,,,,M3-03 - VF - 3axis - Manual (VF2SS),__export__.mrp_workcenter_60_6593b576,1075.0,2026-07-10 08:00:00,2026-07-13 09:55:00,Finished,UMC750_(M5-03),True
,,,,,OUT - Outsourced activity,__export__.mrp_workcenter_68_8bff6631,2250.0,2026-07-13 10:00:00,2026-07-17 15:30:00,Finished,OUT - Outsourced activity_(OUT - Outsourced),True
__export__.mrp_production_6246_819c34e3,[00385-00-102-C] Height bearing clamp plate,14886.0,600.0,2026-06-18 12:00:00,MP1 - Mat. prep - automatic sawing (ZGN_01),__export__.mrp_workcenter_63_98a7a00b,615.0,2026-06-10 15:59:44,2026-06-10 15:59:45,Finished,-,True
,,,,,M4-02 - AW - 4axis - Conveyor Automation (FR4_02),__export__.mrp_workcenter_57_6faf5319,4890.0,2026-07-22 16:57:00,2026-07-28 02:27:00,Finished,M4-02_(FR4_02),True
,,,,,M3-01 - AW - 3axis - Manual (FR3_01),__export__.mrp_workcenter_54_3f0243e1,1890.0,2026-07-30 09:21:00,2026-08-03 08:51:00,Finished,M3-01_(FR3_01),True
,,,,,OUT - Outsourced activity,__export__.mrp_workcenter_68_8bff6631,9000.0,,,To Do,-,True
,,,,,PACK - Packaging (VERP_P),__export__.mrp_workcenter_67_d1ac8ce6,600.0,,,To Do,-,True
__export__.mrp_production_6255_84ac8129,[4022.622.61092] RH RED GRIPPER CABLE COVER ,7366.0,60.0,2026-07-20 02:00:00,MP1 - Mat. prep - automatic sawing (ZGN_01),__export__.mrp_workcenter_63_98a7a00b,75.0,2026-05-05 13:09:10,2026-05-05 13:09:16,Finished,-,True
,,,,,M5-03 - UMC1 - 5axis - Manual (UMC750),__export__.mrp_workcenter_61_bcb50df3,1260.0,2026-06-09 13:05:14,2026-06-09 13:05:16,Finished,-,True
,,,,,M3-03 - VF - 3axis - Manual (VF2SS),__export__.mrp_workcenter_60_6593b576,1980.0,2026-06-09 13:05:18,2026-06-09 13:05:19,Finished,-,True
,,,,,OUT - Outsourced activity,__export__.mrp_workcenter_68_8bff6631,5520.0,2026-06-05 15:25:58,2026-06-23 17:11:51,Finished,-,True
,,,,,OUT - Outsourced activity,__export__.mrp_workcenter_68_8bff6631,2250.0,2026-07-10 08:00:00,2026-07-16 13:30:00,Finished,OUT - Outsourced activity_(OUT - Outsourced),True
,,,,,OUT - Outsourced activity,__export__.mrp_workcenter_68_8bff6631,6750.0,2026-07-17 08:00:00,2026-08-06 08:30:00,Finished,OUT - Outsourced activity_(OUT - Outsourced),True
,,,,,PACK - Packaging (VERP_P),__export__.mrp_workcenter_67_d1ac8ce6,60.0,2026-08-06 08:30:00,2026-08-06 09:30:00,Finished,PACK_(VERP_P),True
__export__.mrp_production_6256_478f52e2,[4022-335-17991] Filterh. Cu0.2 Ni0.02,14922.0,60.0,2026-07-22 02:00:00,MP2 - Mat. prep - manual sawing (ZGN_02),__export__.mrp_workcenter_64_95992ef5,60.0,2026-07-10 09:50:00,2026-07-10 10:50:00,Finished,MP2_(ZGN_02),True
,,,,,M4-01 - AW - 4axis - Conveyor Automation (FR4_01),__export__.mrp_workcenter_56_d6637dea,270.0,2026-08-18 08:00:00,2026-08-18 12:30:00,Finished,M4-02_(FR4_02),True
,,,,,BW - Benchwork (BKW_01),__export__.mrp_workcenter_66_9f807a30,300.0,,,To Do,-,True
,,,,,PACK - Packaging (VERP_P),__export__.mrp_workcenter_67_d1ac8ce6,60.0,,,To Do,-,True
__export__.mrp_production_6258_551385d8,[4512-127-05186B] Anschlag,15017.0,1000.0,2026-05-26 12:00:00,MP1 - Mat. prep - automatic sawing (ZGN_01),__export__.mrp_workcenter_63_98a7a00b,1015.0,2026-06-10 16:00:54,2026-06-10 16:00:55,Finished,-,True
,,,,,M4-01 - AW - 4axis - Conveyor Automation (FR4_01),__export__.mrp_workcenter_56_d6637dea,2090.0,2026-07-31 14:25:00,2026-08-04 01:15:00,Finished,M4-01_(FR4_01),True
,,,,,BW - Benchwork (BKW_01),__export__.mrp_workcenter_66_9f807a30,1000.0,2026-08-07 12:51:00,2026-08-10 13:31:00,Finished,BW_(BKW_01),True
,,,,,PACK - Packaging (VERP_P),__export__.mrp_workcenter_67_d1ac8ce6,1000.0,2026-08-10 16:00:00,2026-08-11 16:40:00,Finished,PACK_(VERP_P),True
__export__.mrp_production_6259_202f1f5f,[4022-333-19505] BRIL,14918.0,100.0,2026-07-09 02:00:00,"MP3 - Mat. prep - pre-cutted, only picking (UITG_M)",__export__.mrp_workcenter_65_c1e1b939,0.0,2026-06-10 16:00:59,2026-06-10 16:01:01,Finished,-,True
,,,,,M3-01 - AW - 3axis - Manual (FR3_01),__export__.mrp_workcenter_54_3f0243e1,1090.0,2026-08-05 23:36:00,2026-08-07 09:46:00,Finished,M3-01_(FR3_01),True
,,,,,BW - Benchwork (BKW_01),__export__.mrp_workcenter_66_9f807a30,300.0,2026-08-10 13:46:00,2026-08-10 18:46:00,Finished,BW_(BKW_01),True
,,,,,PACK - Packaging (VERP_P),__export__.mrp_workcenter_67_d1ac8ce6,100.0,2026-08-11 18:25:00,2026-08-11 20:05:00,Finished,PACK_(VERP_P),True
__export__.mrp_production_6262_e8dc0d39,[4022.684.32031] RH RED DYNAMIC STRAIN RELIEF A,6965.0,80.0,2026-06-10 09:01:55,MP1 - Mat. prep - automatic sawing (ZGN_01),__export__.mrp_workcenter_63_98a7a00b,95.0,2026-06-10 16:02:49,2026-06-10 16:02:50,Finished,-,True
,,,,,M5-04 - UMCSS - 5axis  - Manual (UMC750SS),__export__.mrp_workcenter_62_468a38e5,2825.0,2026-07-10 08:00:00,2026-07-14 07:05:00,Finished,UMC750SS_(M5-04),True
,,,,,OUT - Outsourced activity,__export__.mrp_workcenter_68_8bff6631,4500.0,2026-07-14 08:00:00,2026-07-27 11:00:00,Finished,OUT - Outsourced activity_(OUT - Outsourced),True
,,,,,PACK - Packaging (VERP_P),__export__.mrp_workcenter_67_d1ac8ce6,79.0,2026-07-27 11:00:00,2026-07-27 12:19:00,Finished,PACK_(VERP_P),True
__export__.mrp_production_6276_848a2216,[7005-2580-0007] Support block  / 07201506 v02-00 - Drawing in RED,16269.0,8.0,2026-07-27 02:00:00,MP1 - Mat. prep - automatic sawing (ZGN_01),__export__.mrp_workcenter_63_98a7a00b,23.0,2026-06-10 16:02:57,2026-06-10 16:02:58,Finished,-,True
,,,,,M5-02 - AW - 5axis - Pallet Automation (FR5_02),__export__.mrp_workcenter_59_d6deab7b,1290.0,2026-06-10 16:03:00,2026-06-10 16:03:01,Finished,-,True
,,,,,M5-03 - UMC1 - 5axis - Manual (UMC750),__export__.mrp_workcenter_61_bcb50df3,324.0,,,To Do,-,True
__export__.mrp_production_6300_645dbbde,[4022-637-29301] Hinge Block Fixed RM,14964.0,17.0,2026-01-16 10:00:00,MP1 - Mat. prep - automatic sawing (ZGN_01),__export__.mrp_workcenter_63_98a7a00b,32.0,2000-01-01 00:00:00,2000-01-01 00:00:00,Cancelled,-,True
,,,,,M4-02 - AW - 4axis - Conveyor Automation (FR4_02),__export__.mrp_workcenter_57_6faf5319,430.0,2000-01-01 00:00:00,2000-01-01 00:00:00,Cancelled,-,True
,,,,,M4-02 - AW - 4axis - Conveyor Automation (FR4_02),__export__.mrp_workcenter_57_6faf5319,175.0,2000-01-01 00:00:00,2000-01-01 00:00:00,Cancelled,-,True
,,,,,M4-02 - AW - 4axis - Conveyor Automation (FR4_02),__export__.mrp_workcenter_57_6faf5319,175.0,2000-01-01 00:00:00,2000-01-01 00:00:00,Cancelled,-,True
,,,,,BW - Benchwork (BKW_01),__export__.mrp_workcenter_66_9f807a30,51.0,2026-07-13 20:00:00,2026-07-13 20:51:00,Finished,BW_(BKW_01),True
,,,,,PACK - Packaging (VERP_P),__export__.mrp_workcenter_67_d1ac8ce6,17.0,2026-07-13 22:00:00,2026-07-13 22:17:00,Finished,PACK_(VERP_P),True
__export__.mrp_production_6301_619807e1,[00385-00-113A] Tensioner plate,14887.0,700.0,2026-06-08 12:00:00,"MP3 - Mat. prep - pre-cutted, only picking (UITG_M)",__export__.mrp_workcenter_65_c1e1b939,700.0,2026-07-10 08:00:00,2026-07-10 19:40:00,Finished,MP3_(UITG_M),True
,,,,,M4-02 - AW - 4axis - Conveyor Automation (FR4_02),__export__.mrp_workcenter_57_6faf5319,10590.0,2026-07-28 08:00:00,2026-08-06 16:30:00,Finished,M4-02_(FR4_02),True
,,,,,BW - Benchwork (BKW_01),__export__.mrp_workcenter_66_9f807a30,2100.0,2026-08-14 09:55:00,2026-08-18 12:55:00,Finished,BW_(BKW_01),True
,,,,,PACK - Packaging (VERP_P),__export__.mrp_workcenter_67_d1ac8ce6,700.0,,,To Do,-,True
__export__.mrp_production_6311_b88cd472,[4022.704.19282] RH RED GRIPPER BODY,14210.0,17.0,2026-06-11 02:00:00,"MP3 - Mat. prep - pre-cutted, only picking (UITG_M)",__export__.mrp_workcenter_65_c1e1b939,17.0,2000-01-01 00:00:00,2000-01-01 00:00:00,Cancelled,-,True
,,,,,M5-06 - UMC400 - 5axis  - Manual (UMC400),__export__.mrp_workcenter_84_05c538b3,1080.0,2000-01-01 00:00:00,2000-01-01 00:00:00,Cancelled,-,True
,,,,,M5-05 - UMC2 - 5axis  - Manual (UMC750),__export__.mrp_workcenter_83_95c50e96,8220.0,2026-07-14 08:00:00,2026-07-22 01:00:00,Finished,UMC750SS_(M5-04),True
,,,,,M5-06 - UMC400 - 5axis  - Manual (UMC400),__export__.mrp_workcenter_84_05c538b3,1080.0,2026-07-22 08:00:00,2026-07-23 02:00:00,Finished,UMC750SS_(M5-04),True
,,,,,OUT - Outsourced activity,__export__.mrp_workcenter_68_8bff6631,2250.0,2026-07-23 08:00:00,2026-07-29 13:30:00,Finished,OUT - Outsourced activity_(OUT - Outsourced),True
__export__.mrp_production_6313_15382e13,[4022.645.53391] NXE RBI ILLUM TRANSPORT COVER,19386.0,24.0,2026-07-29 02:00:00,"MP3 - Mat. prep - pre-cutted, only picking (UITG_M)",__export__.mrp_workcenter_65_c1e1b939,24.0,2026-07-13 13:31:00,2026-07-13 13:55:00,Finished,MP3_(UITG_M),True
,,,,,M3-01 - AW - 3axis - Manual (FR3_01),__export__.mrp_workcenter_54_3f0243e1,1170.0,,,To Do,-,True
,,,,,M3-01 - AW - 3axis - Manual (FR3_01),__export__.mrp_workcenter_54_3f0243e1,2970.0,,,To Do,-,True
,,,,,OUT - Outsourced activity,__export__.mrp_workcenter_68_8bff6631,2250.0,,,To Do,-,True
__export__.mrp_production_6314_c014b174,[4022.645.57761] RH NXE RBI COVER HOUSING,19387.0,25.0,2026-07-29 02:00:00,MP1 - Mat. prep - automatic sawing (ZGN_01),__export__.mrp_workcenter_63_98a7a00b,15.0,,,To Do,-,True
,,,,,M3-01 - AW - 3axis - Manual (FR3_01),__export__.mrp_workcenter_54_3f0243e1,90.0,,,To Do,-,True
,,,,,M3-01 - AW - 3axis - Manual (FR3_01),__export__.mrp_workcenter_54_3f0243e1,1590.0,,,To Do,-,True
,,,,,M3-01 - AW - 3axis - Manual (FR3_01),__export__.mrp_workcenter_54_3f0243e1,1590.0,,,To Do,-,True
__export__.mrp_production_6391_80325cfc,[4022-666-3837-1] LSPH Bellow Clamp,14985.0,200.0,2026-08-07 02:00:00,M3-01 - AW - 3axis - Manual (FR3_01),__export__.mrp_workcenter_54_3f0243e1,1090.0,,,To Do,-,True
,,,,,M3-01 - AW - 3axis - Manual (FR3_01),__export__.mrp_workcenter_54_3f0243e1,690.0,,,To Do,-,True
,,,,,BW - Benchwork (BKW_01),__export__.mrp_workcenter_66_9f807a30,400.0,,,To Do,-,True
,,,,,PACK - Packaging (VERP_P),__export__.mrp_workcenter_67_d1ac8ce6,200.0,,,To Do,-,True
__export__.mrp_production_6398_e2f64dab,[4022.689.94981] RH RED DP PT UPPER COVER ,17484.0,8.0,2026-06-17 02:00:00,"MP3 - Mat. prep - pre-cutted, only picking (UITG_M)",__export__.mrp_workcenter_65_c1e1b939,8.0,2026-06-10 16:22:58,2026-06-10 16:22:59,Finished,-,True
,,,,,M3-01 - AW - 3axis - Manual (FR3_01),__export__.mrp_workcenter_54_3f0243e1,1626.0,2026-08-03 12:00:00,2026-08-04 23:06:00,Finished,M3-01_(FR3_01),True
,,,,,OUT - Outsourced activity,__export__.mrp_workcenter_68_8bff6631,2250.0,2026-08-05 08:00:00,2026-08-11 13:30:00,Finished,OUT - Outsourced activity_(OUT - Outsourced),True
__export__.mrp_production_6417_7e2b35a5,[4022.474.05661] HALFFAB_M_BLOCK_RH_RIGHT / HQP / 104009581,16641.0,24.0,2026-07-14 02:00:00,M5-05 - UMC2 - 5axis  - Manual (UMC750),__export__.mrp_workcenter_83_95c50e96,15010.0,2026-07-17 10:50:00,2026-08-07 21:00:00,Finished,UMC750SS_(M5-05),True
,,,,,OUT - Outsourced activity,__export__.mrp_workcenter_68_8bff6631,2250.0,2026-08-10 08:00:00,2026-08-14 13:30:00,Finished,OUT - Outsourced activity_(OUT - Outsourced),True
,,,,,MP1 - Mat. prep - automatic sawing (ZGN_01),__export__.mrp_workcenter_63_98a7a00b,39.0,2026-08-14 16:00:00,2026-08-14 16:39:00,Finished,MP1 - Material preparation - automatic sawing (ZGN_01),True
__export__.mrp_production_6418_b806ecac,[4022.474.05631] HALFFAB_M_MOUNTING_BLCK_FRNT_R / HQP / 104009583,16642.0,20.0,2026-07-14 02:00:00,M5-03 - UMC1 - 5axis - Manual (UMC750),__export__.mrp_workcenter_61_bcb50df3,23796.0,,,To Do,-,True
,,,,,OUT - Outsourced activity,__export__.mrp_workcenter_68_8bff6631,2250.0,,,To Do,-,True
,,,,,MP1 - Mat. prep - automatic sawing (ZGN_01),__export__.mrp_workcenter_63_98a7a00b,35.0,,,To Do,-,True
__export__.mrp_production_6419_8f36f5dd,[4022.474.05521] HALFFAB_M_MOUNTING_BLCK_FRNT_L / HQP / 104009584,16643.0,20.0,2026-07-14 02:00:00,MP1 - Mat. prep - automatic sawing (ZGN_01),__export__.mrp_workcenter_63_98a7a00b,38.0,2026-07-10 12:24:00,2026-07-10 13:02:00,Finished,MP1 - Material preparation - automatic sawing (ZGN_01),True
,,,,,M5-04 - UMCSS - 5axis  - Manual (UMC750SS),__export__.mrp_workcenter_62_468a38e5,20700.0,,,To Do,-,True
,,,,,OUT - Outsourced activity,__export__.mrp_workcenter_68_8bff6631,2250.0,,,To Do,-,True
__export__.mrp_production_6420_ebb363be,[4022.474.05551] HALFFAB_M_BLOCK_RH_LEFT / HQP / 104009586,16644.0,24.0,2026-07-14 02:00:00,MP1 - Mat. prep - automatic sawing (ZGN_01),__export__.mrp_workcenter_63_98a7a00b,40.0,2026-07-10 08:00:00,2026-07-10 08:40:00,Finished,MP1 - Material preparation - automatic sawing (ZGN_01),True
,,,,,M5-05 - UMC2 - 5axis  - Manual (UMC750),__export__.mrp_workcenter_83_95c50e96,15660.0,2026-07-29 08:00:00,2026-08-13 05:00:00,Finished,UMC750SS_(M5-04),True
,,,,,OUT - Outsourced activity,__export__.mrp_workcenter_68_8bff6631,2250.0,,,To Do,-,True
__export__.mrp_production_6426_14647c79,[GF3116T006L] Carriage,15035.0,240.0,2026-06-30 12:00:00,M3-01 - AW - 3axis - Manual (FR3_01),__export__.mrp_workcenter_54_3f0243e1,330.0,2026-07-14 16:55:00,2026-07-14 22:25:00,Finished,M3-01_(FR3_01),True
,,,,,M4-02 - AW - 4axis - Conveyor Automation (FR4_02),__export__.mrp_workcenter_57_6faf5319,6570.0,2026-08-06 17:00:00,2026-08-13 06:30:00,Finished,M4-02_(FR4_02),True
,,,,,M4-02 - AW - 4axis - Conveyor Automation (FR4_02),__export__.mrp_workcenter_57_6faf5319,3450.0,2026-08-13 08:00:00,2026-08-17 17:30:00,Finished,M4-02_(FR4_02),True
,,,,,OUT - Outsourced activity,__export__.mrp_workcenter_68_8bff6631,4500.0,,,To Do,-,True
,,,,,BW - Benchwork (BKW_01),__export__.mrp_workcenter_66_9f807a30,240.0,,,To Do,-,True
__export__.mrp_production_6427_bb857461,[4598-011-70891B] ENDPLATE,15023.0,200.0,2026-08-28 02:00:00,MP1 - Mat. prep - automatic sawing (ZGN_01),__export__.mrp_workcenter_63_98a7a00b,215.0,,,To Do,-,True
,,,,,BW - Benchwork (BKW_01),__export__.mrp_workcenter_66_9f807a30,200.0,,,To Do,-,True
,,,,,M4-01 - AW - 4axis - Conveyor Automation (FR4_01),__export__.mrp_workcenter_56_d6637dea,1690.0,,,To Do,-,True
,,,,,BW - Benchwork (BKW_01),__export__.mrp_workcenter_66_9f807a30,200.0,,,To Do,-,True
,,,,,OUT - Outsourced activity,__export__.mrp_workcenter_68_8bff6631,2250.0,,,To Do,-,True
__export__.mrp_production_6432_0d26af1f,bpxla_mainframe_R10,19428.0,15.0,2026-07-22 02:00:00,"MP3 - Mat. prep - pre-cutted, only picking (UITG_M)",__export__.mrp_workcenter_65_c1e1b939,15.0,2026-07-13 14:01:00,2026-07-13 14:16:00,Finished,MP3_(UITG_M),True
,,,,,M3-01 - AW - 3axis - Manual (FR3_01),__export__.mrp_workcenter_54_3f0243e1,990.0,,,To Do,-,True
,,,,,M3-01 - AW - 3axis - Manual (FR3_01),__export__.mrp_workcenter_54_3f0243e1,990.0,,,To Do,-,True
,,,,,M3-01 - AW - 3axis - Manual (FR3_01),__export__.mrp_workcenter_54_3f0243e1,990.0,,,To Do,-,True
__export__.mrp_production_6437_b0914173,[4022.620.02663] RH NXE RED FIDUCIAL MOUNT BRKT,18665.0,3.0,2026-06-24 02:00:00,MP1 - Mat. prep - automatic sawing (ZGN_01),__export__.mrp_workcenter_63_98a7a00b,18.0,2026-06-09 13:01:33,2026-06-09 13:01:35,Finished,-,True
,,,,,M3-01 - AW - 3axis - Manual (FR3_01),__export__.mrp_workcenter_54_3f0243e1,144.0,2026-06-09 13:01:37,2026-06-09 13:01:38,Finished,-,True
,,,,,M3-01 - AW - 3axis - Manual (FR3_01),__export__.mrp_workcenter_54_3f0243e1,213.0,2026-06-09 13:01:39,2026-06-09 13:01:40,Finished,-,True
,,,,,M3-01 - AW - 3axis - Manual (FR3_01),__export__.mrp_workcenter_54_3f0243e1,213.0,2026-06-09 13:01:41,2026-06-09 13:01:43,Finished,-,True
,,,,,OUT - Outsourced activity,__export__.mrp_workcenter_68_8bff6631,2296.9,2026-06-10 14:44:25,2026-06-17 15:01:19,Finished,-,True
,,,,,OUT - Outsourced activity,__export__.mrp_workcenter_68_8bff6631,4500.0,2026-07-10 08:00:00,2026-07-23 11:00:00,Finished,OUT - Outsourced activity_(OUT - Outsourced),True
__export__.mrp_production_6438_7d858fb4,[4022.704.19332] RH RED STATIC STRAIN RELIEF B ,7365.0,80.0,2026-07-10 02:00:00,MP1 - Mat. prep - automatic sawing (ZGN_01),__export__.mrp_workcenter_63_98a7a00b,95.0,2026-07-10 13:09:00,2026-07-10 14:44:00,Finished,MP1 - Material preparation - automatic sawing (ZGN_01),True
,,,,,M5-04 - UMCSS - 5axis  - Manual (UMC750SS),__export__.mrp_workcenter_62_468a38e5,1980.0,2026-07-27 21:15:00,2026-07-29 06:15:00,Finished,UMC750SS_(M5-04),True
,,,,,OUT - Outsourced activity,__export__.mrp_workcenter_68_8bff6631,4500.0,2026-07-29 08:00:00,2026-08-11 11:00:00,Finished,OUT - Outsourced activity_(OUT - Outsourced),True
,,,,,PACK - Packaging (VERP_P),__export__.mrp_workcenter_67_d1ac8ce6,80.0,2026-08-11 16:55:00,2026-08-11 18:15:00,Finished,PACK_(VERP_P),True
__export__.mrp_production_6439_83941002,[4022.684.32071] RH RED STATIC STRAIN RELIEF C,6967.0,300.0,2026-07-10 02:00:00,MP1 - Mat. prep - automatic sawing (ZGN_01),__export__.mrp_workcenter_63_98a7a00b,65.0,2026-06-10 15:13:51,2026-06-10 15:13:53,Finished,-,True
,,,,,M5-03 - UMC1 - 5axis - Manual (UMC750),__export__.mrp_workcenter_61_bcb50df3,385.0,2026-07-13 10:25:00,2026-07-13 16:50:00,Finished,UMC750_(M5-03),True
,,,,,M3-03 - VF - 3axis - Manual (VF2SS),__export__.mrp_workcenter_60_6593b576,166.67,2026-07-13 18:00:00,2026-07-13 20:46:40.200000,Finished,VF2SS_(M3-03),True
,,,,,OUT - Outsourced activity,__export__.mrp_workcenter_68_8bff6631,4500.0,2026-07-14 08:00:00,2026-07-27 11:00:00,Finished,OUT - Outsourced activity_(OUT - Outsourced),True
,,,,,PACK - Packaging (VERP_P),__export__.mrp_workcenter_67_d1ac8ce6,50.0,2026-07-27 12:34:00,2026-07-27 13:24:00,Finished,PACK_(VERP_P),True
__export__.mrp_production_6443_1af444bd,[4022.622.61092] RH RED GRIPPER CABLE COVER ,7366.0,68.0,2026-11-02 01:00:00,MP1 - Mat. prep - automatic sawing (ZGN_01),__export__.mrp_workcenter_63_98a7a00b,83.0,,,To Do,-,True
,,,,,M5-04 - UMCSS - 5axis  - Manual (UMC750SS),__export__.mrp_workcenter_62_468a38e5,1420.0,,,To Do,-,True
,,,,,M3-03 - VF - 3axis - Manual (VF2SS),__export__.mrp_workcenter_60_6593b576,2236.0,,,To Do,-,True
,,,,,OUT - Outsourced activity,__export__.mrp_workcenter_68_8bff6631,2250.0,,,To Do,-,True
,,,,,OUT - Outsourced activity,__export__.mrp_workcenter_68_8bff6631,2250.0,,,To Do,-,True
,,,,,OUT - Outsourced activity,__export__.mrp_workcenter_68_8bff6631,6750.0,,,To Do,-,True
,,,,,PACK - Packaging (VERP_P),__export__.mrp_workcenter_67_d1ac8ce6,68.0,,,To Do,-,True
__export__.mrp_production_6444_e0fbbf49,[4022 639 54042] YS gripper detect mirro block,14970.0,100.0,2026-07-02 02:00:00,MP1 - Mat. prep - automatic sawing (ZGN_01),__export__.mrp_workcenter_63_98a7a00b,115.0,2026-07-10 14:54:00,2026-07-10 16:49:00,Finished,MP1 - Material preparation - automatic sawing (ZGN_01),True
,,,,,M5-01 - AW - 5axis - Conveyor Automation (FR5_01),__export__.mrp_workcenter_58_a525d5b9,1790.0,2026-07-10 17:00:00,2026-07-13 22:50:00,Finished,M5-01_(FR5_01),True
,,,,,M5-01 - AW - 5axis - Conveyor Automation (FR5_01),__export__.mrp_workcenter_58_a525d5b9,590.0,2026-07-14 14:45:00,2026-07-15 00:35:00,Finished,M5-01_(FR5_01),True
,,,,,BW - Benchwork (BKW_01),__export__.mrp_workcenter_66_9f807a30,300.0,2026-07-15 19:09:00,2026-07-16 08:09:00,Finished,BW_(BKW_01),True
,,,,,PACK - Packaging (VERP_P),__export__.mrp_workcenter_67_d1ac8ce6,100.0,2026-07-16 08:30:00,2026-07-16 10:10:00,Finished,PACK_(VERP_P),True
__export__.mrp_production_6445_1280b588,[1508130 B] [Q] excenter housing z,16893.0,174.0,2026-06-23 12:00:00,MP1 - Mat. prep - automatic sawing (ZGN_01),__export__.mrp_workcenter_63_98a7a00b,189.0,2026-07-10 08:45:00,2026-07-10 11:54:00,Finished,MP1 - Material preparation - automatic sawing (ZGN_01),True
,,,,,M5-02 - AW - 5axis - Pallet Automation (FR5_02),__export__.mrp_workcenter_59_d6deab7b,8790.0,2026-07-21 13:20:00,2026-07-29 15:50:00,Finished,M5-02_(FR5_02),True
,,,,,M3-01 - AW - 3axis - Manual (FR3_01),__export__.mrp_workcenter_54_3f0243e1,960.0,2026-08-04 23:21:00,2026-08-05 23:21:00,Finished,M3-01_(FR3_01),True
,,,,,BW - Benchwork (BKW_01),__export__.mrp_workcenter_66_9f807a30,870.0,2026-08-11 21:50:00,2026-08-12 20:20:00,Finished,BW_(BKW_01),True
,,,,,PACK - Packaging (VERP_P),__export__.mrp_workcenter_67_d1ac8ce6,174.0,2026-08-13 08:49:00,2026-08-13 11:43:00,Finished,PACK_(VERP_P),True
__export__.mrp_production_6446_f1fdc0a5,[4022-680-50251] MBI WS MK2 F&T BMA CONNECT,14997.0,40.0,2026-07-23 02:00:00,MP1 - Mat. prep - automatic sawing (ZGN_01),__export__.mrp_workcenter_63_98a7a00b,55.0,2026-07-14 13:24:00,2026-07-14 14:19:00,Finished,MP1 - Material preparation - automatic sawing (ZGN_01),True
,,,,,M3-02 - AW - 3axis - Manual (FR3_02),__export__.mrp_workcenter_55_15609e22,1410.0,2026-07-15 09:48:40.200000,2026-07-16 17:18:40.200000,Finished,VF2SS_(M3-03),True
,,,,,OUT - Outsourced activity,__export__.mrp_workcenter_68_8bff6631,2250.0,,,To Do,-,True
__export__.mrp_production_6451_389c64fc,[4023-003-94951-A] filter plate Cu0.2-Zr0.16,15016.0,20.0,2026-07-10 02:00:00,MP2 - Mat. prep - manual sawing (ZGN_02),__export__.mrp_workcenter_64_95992ef5,20.0,2026-07-10 08:00:00,2026-07-10 08:20:00,Finished,MP2_(ZGN_02),True
,,,,,M4-01 - AW - 4axis - Conveyor Automation (FR4_01),__export__.mrp_workcenter_56_d6637dea,150.0,2026-07-30 16:45:00,2026-07-30 19:15:00,Finished,M4-01_(FR4_01),True
,,,,,BW - Benchwork (BKW_01),__export__.mrp_workcenter_66_9f807a30,100.0,2026-07-31 08:00:00,2026-07-31 09:40:00,Finished,BW_(BKW_01),True
,,,,,PACK - Packaging (VERP_P),__export__.mrp_workcenter_67_d1ac8ce6,20.0,2026-07-31 10:00:00,2026-07-31 10:20:00,Finished,PACK_(VERP_P),True
__export__.mrp_production_6453_22d700ce,[7005-2480-0070] GRIPP / 105-46612,13982.0,32.0,2026-08-20 02:00:00,MP1 - Mat. prep - automatic sawing (ZGN_01),__export__.mrp_workcenter_63_98a7a00b,23.0,,,To Do,-,True
,,,,,M5-03 - UMC1 - 5axis - Manual (UMC750),__export__.mrp_workcenter_61_bcb50df3,100.0,,,To Do,-,True
,,,,,M3-03 - VF - 3axis - Manual (VF2SS),__export__.mrp_workcenter_60_6593b576,212.0,,,To Do,-,True
,,,,,BW - Benchwork (BKW_01),__export__.mrp_workcenter_66_9f807a30,8.0,,,To Do,-,True
__export__.mrp_production_6459_a0b74e6b,[7005-2480-0080] STICKER PLATE / 122-48982,13983.0,32.0,2026-08-20 02:00:00,MP1 - Mat. prep - automatic sawing (ZGN_01),__export__.mrp_workcenter_63_98a7a00b,17.0,,,To Do,-,True
,,,,,M3-03 - VF - 3axis - Manual (VF2SS),__export__.mrp_workcenter_60_6593b576,66.25,,,To Do,-,True
,,,,,M3-03 - VF - 3axis - Manual (VF2SS),__export__.mrp_workcenter_60_6593b576,72.25,,,To Do,-,True
,,,,,OUT - Outsourced activity,__export__.mrp_workcenter_68_8bff6631,2250.0,,,To Do,-,True
__export__.mrp_production_6467_b0912980,[7005-2580-0014] Backplate V01-00 / NFI / 27244701,17992.0,7.0,2026-07-20 02:00:00,"MP3 - Mat. prep - pre-cutted, only picking (UITG_M)",__export__.mrp_workcenter_65_c1e1b939,7.0,2026-07-13 12:30:00,2026-07-13 12:37:00,Finished,MP3_(UITG_M),True
,,,,,M3-02 - AW - 3axis - Manual (FR3_02),__export__.mrp_workcenter_55_15609e22,2274.0,2026-07-14 14:09:00,2026-07-16 20:03:00,Finished,M3-02_(FR3_02),True
,,,,,OUT - Outsourced activity,__export__.mrp_workcenter_68_8bff6631,2250.0,2026-07-17 08:00:00,2026-07-23 13:30:00,Finished,OUT - Outsourced activity_(OUT - Outsourced),True
__export__.mrp_production_6468_6de63ec1,[7005-2580-0015] Baseplate V01-00 / NFI / 27244702,17993.0,7.0,2026-07-20 02:00:00,"MP3 - Mat. prep - pre-cutted, only picking (UITG_M)",__export__.mrp_workcenter_65_c1e1b939,7.0,2026-07-13 12:52:00,2026-07-13 12:59:00,Finished,MP3_(UITG_M),True
,,,,,M3-03 - VF - 3axis - Manual (VF2SS),__export__.mrp_workcenter_60_6593b576,1075.0,2026-07-13 21:01:40.200000,2026-07-14 22:56:40.200000,Finished,VF2SS_(M3-03),True
,,,,,OUT - Outsourced activity,__export__.mrp_workcenter_68_8bff6631,2250.0,2026-07-15 08:00:00,2026-07-21 13:30:00,Finished,OUT - Outsourced activity_(OUT - Outsourced),True
__export__.mrp_production_6469_7b1b4454,[7005-2580-0010] Cylinder bracket V01-00 / NFI / 27244703,16360.0,8.0,2026-07-20 02:00:00,"MP3 - Mat. prep - pre-cutted, only picking (UITG_M)",__export__.mrp_workcenter_65_c1e1b939,2.0,2026-07-13 13:14:00,2026-07-13 13:16:00,Finished,MP3_(UITG_M),True
,,,,,M3-03 - VF - 3axis - Manual (VF2SS),__export__.mrp_workcenter_60_6593b576,142.0,2026-07-14 23:11:40.200000,2026-07-15 09:33:40.200000,Finished,VF2SS_(M3-03),True
,,,,,OUT - Outsourced activity,__export__.mrp_workcenter_68_8bff6631,2250.0,2026-07-15 10:00:00,2026-07-21 15:30:00,Finished,OUT - Outsourced activity_(OUT - Outsourced),True
__export__.mrp_production_6471_f750fa1c,[4022-673-67281] Serv Mech Hinge Bracket Low,14990.0,15.0,2026-06-25 02:00:00,OUT - Outsourced activity,__export__.mrp_workcenter_68_8bff6631,4500.0,2026-07-10 08:00:00,2026-07-23 11:00:00,Finished,OUT - Outsourced activity_(OUT - Outsourced),True
,,,,,PACK - Packaging (VERP_P),__export__.mrp_workcenter_67_d1ac8ce6,4.0,2026-07-23 11:09:00,2026-07-23 11:13:00,Finished,PACK_(VERP_P),True
__export__.mrp_production_6473_f60fef01,[4022.647.81691] PIPE CLAMP ISOLATE BOTTOM FRONT,19359.0,10.0,2026-07-01 12:56:36,MP1 - Mat. prep - automatic sawing (ZGN_01),__export__.mrp_workcenter_63_98a7a00b,20.0,2026-07-10 17:00:00,2026-07-10 17:20:00,Finished,MP1 - Material preparation - automatic sawing (ZGN_01),True
,,,,,M5-01 - AW - 5axis - Conveyor Automation (FR5_01),__export__.mrp_workcenter_58_a525d5b9,390.0,2026-07-14 08:00:00,2026-07-14 14:30:00,Finished,M5-01_(FR5_01),True
__export__.mrp_production_6474_935ee624,"[7005-2540-0007] C beam / 07201507 v01-03 - Drawing in RED (40 x 40 x 5mm, welded tube)",17796.0,14.0,2026-07-28 02:00:00,MP1 - Mat. prep - automatic sawing (ZGN_01),__export__.mrp_workcenter_63_98a7a00b,16.0,,,To Do,-,True
,,,,,M3-03 - VF - 3axis - Manual (VF2SS),__export__.mrp_workcenter_60_6593b576,86.0,,,To Do,-,True
,,,,,OUT - Outsourced activity,__export__.mrp_workcenter_68_8bff6631,2250.0,,,To Do,-,True
__export__.mrp_production_6475_2e47f8d7,[7005-2580-0007] Support block  / 07201506 v02-00 - Drawing in RED,16269.0,12.0,2026-07-28 02:00:00,MP1 - Mat. prep - automatic sawing (ZGN_01),__export__.mrp_workcenter_63_98a7a00b,27.0,,,To Do,-,True
,,,,,M5-02 - AW - 5axis - Pallet Automation (FR5_02),__export__.mrp_workcenter_59_d6deab7b,1890.0,,,To Do,-,True
,,,,,M5-03 - UMC1 - 5axis - Manual (UMC750),__export__.mrp_workcenter_61_bcb50df3,456.0,,,To Do,-,True
__export__.mrp_production_6476_396dcb31,[4022.666.20971-TBRM MCH] WTP IM MK6 BRACKET RING,13691.0,500.0,2026-07-15 02:00:00,"MP3 - Mat. prep - pre-cutted, only picking (UITG_M)",__export__.mrp_workcenter_65_c1e1b939,500.0,2026-07-10 19:55:00,2026-07-13 12:15:00,Finished,MP3_(UITG_M),True
,,,,,M5-03 - UMC1 - 5axis - Manual (UMC750),__export__.mrp_workcenter_61_bcb50df3,11660.0,2026-07-13 17:00:00,2026-07-29 19:20:00,Finished,UMC750_(M5-03),True
,,,,,OUT - Outsourced activity,__export__.mrp_workcenter_68_8bff6631,4500.0,2026-07-30 08:00:00,2026-08-12 11:00:00,Finished,OUT - Outsourced activity_(OUT - Outsourced),True
__export__.mrp_production_6693_f0cf4fd4,[E06581] 4598-013-97781 WA2 VIBRATION PAD LEFT SPACER blauw,17519.0,200.0,2026-07-23 02:00:00,"MP3 - Mat. prep - pre-cutted, only picking (UITG_M)",__export__.mrp_workcenter_65_c1e1b939,200.0,,,To Do,-,True
,,,,,M4-01 - AW - 4axis - Conveyor Automation (FR4_01),__export__.mrp_workcenter_56_d6637dea,890.0,,,To Do,-,True
__export__.mrp_production_6694_89e1be23,[E06580] 4598-013-97791 WA2 VIBRATION PAD RIGHT SPACER rood,17867.0,200.0,2026-07-23 02:00:00,"MP3 - Mat. prep - pre-cutted, only picking (UITG_M)",__export__.mrp_workcenter_65_c1e1b939,200.0,,,To Do,-,True
,,,,,M4-01 - AW - 4axis - Conveyor Automation (FR4_01),__export__.mrp_workcenter_56_d6637dea,890.0,,,To Do,-,True
__export__.mrp_production_6695_a1bec1f4,[E05537] Spacer pos 1,18608.0,150.0,2026-08-25 02:00:00,"MP3 - Mat. prep - pre-cutted, only picking (UITG_M)",__export__.mrp_workcenter_65_c1e1b939,150.0,,,To Do,-,True
,,,,,M4-01 - AW - 4axis - Conveyor Automation (FR4_01),__export__.mrp_workcenter_56_d6637dea,540.0,,,To Do,-,True
,,,,,BW - Benchwork (BKW_01),__export__.mrp_workcenter_66_9f807a30,150.0,,,To Do,-,True
__export__.mrp_production_6936_ef6b2220,[000750458C] Mounting Block for Flight rev. C / Roxin,19581.0,215.0,2026-07-08 02:00:00,MP1 - Mat. prep - automatic sawing (ZGN_01),__export__.mrp_workcenter_63_98a7a00b,230.0,2026-07-10 17:30:00,2026-07-10 21:20:00,Finished,MP1 - Material preparation - automatic sawing (ZGN_01),True
,,,,,M5-03 - UMC1 - 5axis - Manual (UMC750),__export__.mrp_workcenter_61_bcb50df3,4145.0,2026-07-10 21:30:00,2026-07-17 10:35:00,Finished,UMC750SS_(M5-05),True
__export__.mrp_production_7003_03b81406,[7007-2500-0010] 263 - EL5 Bottom Side Panel Right (Dark) No Coating / IAH / 2026.SPX.0263.20.20,19199.0,1.0,2026-07-10 12:57:03,M3-01 - AW - 3axis - Manual (FR3_01),__export__.mrp_workcenter_54_3f0243e1,150.0,2026-07-13 19:26:00,2026-07-13 21:56:00,Finished,M3-01_(FR3_01),True
,,,,,M3-01 - AW - 3axis - Manual (FR3_01),__export__.mrp_workcenter_54_3f0243e1,150.0,2026-07-15 08:25:00,2026-07-15 10:55:00,Finished,M3-01_(FR3_01),True
__export__.mrp_production_7005_0a2d1f7e,[4022-656-75183] Non loosable block M4,14978.0,93.0,2026-07-12 12:00:00,MP1 - Mat. prep - automatic sawing (ZGN_01),__export__.mrp_workcenter_63_98a7a00b,108.0,2026-07-13 17:30:00,2026-07-13 19:18:00,Finished,MP1 - Material preparation - automatic sawing (ZGN_01),True
,,,,,M4-01 - AW - 4axis - Conveyor Automation (FR4_01),__export__.mrp_workcenter_56_d6637dea,741.0,2026-08-17 08:00:00,2026-08-17 20:21:00,Finished,M4-01_(FR4_01),True
,,,,,M4-01 - AW - 4axis - Conveyor Automation (FR4_01),__export__.mrp_workcenter_56_d6637dea,369.0,2026-08-17 20:36:00,2026-08-18 02:45:00,Finished,M4-01_(FR4_01),True
,,,,,BW - Benchwork (BKW_01),__export__.mrp_workcenter_66_9f807a30,93.0,2026-08-18 18:30:00,2026-08-18 20:03:00,Finished,BW_(BKW_01),True
,,,,,PACK - Packaging (VERP_P),__export__.mrp_workcenter_67_d1ac8ce6,93.0,2026-08-18 20:10:00,2026-08-18 21:43:00,Finished,PACK_(VERP_P),True
__export__.mrp_production_7006_877c6870,[4022-656-75183] Non loosable block M4,14978.0,93.0,2026-07-12 12:00:00,MP1 - Mat. prep - automatic sawing (ZGN_01),__export__.mrp_workcenter_63_98a7a00b,108.0,2026-07-13 19:30:00,2026-07-13 21:18:00,Finished,MP1 - Material preparation - automatic sawing (ZGN_01),True
,,,,,M4-01 - AW - 4axis - Conveyor Automation (FR4_01),__export__.mrp_workcenter_56_d6637dea,741.0,2026-08-17 17:45:00,2026-08-18 06:06:00,Finished,M4-02_(FR4_02),True
,,,,,M4-01 - AW - 4axis - Conveyor Automation (FR4_01),__export__.mrp_workcenter_56_d6637dea,369.0,2026-08-18 08:00:00,2026-08-18 14:09:00,Finished,M4-01_(FR4_01),True
,,,,,BW - Benchwork (BKW_01),__export__.mrp_workcenter_66_9f807a30,93.0,2026-08-18 16:30:00,2026-08-18 18:03:00,Finished,BW_(BKW_01),True
,,,,,PACK - Packaging (VERP_P),__export__.mrp_workcenter_67_d1ac8ce6,93.0,2026-08-18 18:10:00,2026-08-18 19:43:00,Finished,PACK_(VERP_P),True
__export__.mrp_production_7007_6ce95d6e,[4022-656-75212] Non loosable block M5,14979.0,104.0,2026-07-12 12:00:00,MP1 - Mat. prep - automatic sawing (ZGN_01),__export__.mrp_workcenter_63_98a7a00b,119.0,2026-07-13 21:30:00,2026-07-13 23:29:00,Finished,MP1 - Material preparation - automatic sawing (ZGN_01),True
,,,,,M4-01 - AW - 4axis - Conveyor Automation (FR4_01),__export__.mrp_workcenter_56_d6637dea,610.0,2026-08-14 13:30:00,2026-08-14 23:40:00,Finished,M4-01_(FR4_01),True
,,,,,M4-01 - AW - 4axis - Conveyor Automation (FR4_01),__export__.mrp_workcenter_56_d6637dea,402.0,2026-08-14 23:55:00,2026-08-17 06:37:00,Finished,M4-01_(FR4_01),True
,,,,,BW - Benchwork (BKW_01),__export__.mrp_workcenter_66_9f807a30,104.0,2026-08-18 20:30:00,2026-08-18 22:14:00,Finished,BW_(BKW_01),True
,,,,,PACK - Packaging (VERP_P),__export__.mrp_workcenter_67_d1ac8ce6,104.0,,,To Do,-,True
__export__.mrp_production_7008_3cc941b3,[4022-639-33862] YS CT GRIP DETECT AIRL-INTERF,15577.0,45.0,2026-07-31 02:00:00,MP1 - Mat. prep - automatic sawing (ZGN_01),__export__.mrp_workcenter_63_98a7a00b,60.0,,,To Do,-,True
,,,,,M5-01 - AW - 5axis - Conveyor Automation (FR5_01),__export__.mrp_workcenter_58_a525d5b9,1890.0,,,To Do,-,True
,,,,,M5-01 - AW - 5axis - Conveyor Automation (FR5_01),__export__.mrp_workcenter_58_a525d5b9,1890.0,,,To Do,-,True
__export__.mrp_production_7009_954f0f2c,[4022-631-99701] LCW ABS PRES SENS CONN BLOCK,14954.0,134.0,2026-07-12 12:00:00,MP1 - Mat. prep - automatic sawing (ZGN_01),__export__.mrp_workcenter_63_98a7a00b,149.0,2026-07-10 21:35:00,2026-07-13 08:04:00,Finished,MP1 - Material preparation - automatic sawing (ZGN_01),True
,,,,,M5-02 - AW - 5axis - Pallet Automation (FR5_02),__export__.mrp_workcenter_59_d6deab7b,5182.0,2026-07-30 23:45:00,2026-08-05 14:07:00,Finished,M5-02_(FR5_02),True
,,,,,M3-01 - AW - 3axis - Manual (FR3_01),__export__.mrp_workcenter_54_3f0243e1,760.0,2026-08-14 19:41:00,2026-08-17 16:21:00,Finished,M3-01_(FR3_01),True
,,,,,BW - Benchwork (BKW_01),__export__.mrp_workcenter_66_9f807a30,670.0,,,To Do,-,True
,,,,,PACK - Packaging (VERP_P),__export__.mrp_workcenter_67_d1ac8ce6,134.0,,,To Do,-,True
__export__.mrp_production_7010_07289737,[4022-656-74553] Assy support guide FW 1980,14977.0,20.0,2026-07-24 02:00:00,"MP3 - Mat. prep - pre-cutted, only picking (UITG_M)",__export__.mrp_workcenter_65_c1e1b939,20.0,,,To Do,-,True
,,,,,M5-02 - AW - 5axis - Pallet Automation (FR5_02),__export__.mrp_workcenter_59_d6deab7b,590.0,,,To Do,-,True
,,,,,BW - Benchwork (BKW_01),__export__.mrp_workcenter_66_9f807a30,40.0,,,To Do,-,True
,,,,,PACK - Packaging (VERP_P),__export__.mrp_workcenter_67_d1ac8ce6,20.0,,,To Do,-,True
__export__.mrp_production_7011_f89d3aee,[4022-656-74553] Assy support guide FW 1980,14977.0,30.0,2026-07-24 02:00:00,"MP3 - Mat. prep - pre-cutted, only picking (UITG_M)",__export__.mrp_workcenter_65_c1e1b939,30.0,,,To Do,-,True
,,,,,M5-02 - AW - 5axis - Pallet Automation (FR5_02),__export__.mrp_workcenter_59_d6deab7b,840.0,,,To Do,-,True
,,,,,BW - Benchwork (BKW_01),__export__.mrp_workcenter_66_9f807a30,60.0,,,To Do,-,True
,,,,,PACK - Packaging (VERP_P),__export__.mrp_workcenter_67_d1ac8ce6,30.0,,,To Do,-,True
__export__.mrp_production_7013_6a3eaa93,[4022-455-09992] POST 2,14928.0,60.0,2026-07-12 12:00:00,MP1 - Mat. prep - automatic sawing (ZGN_01),__export__.mrp_workcenter_63_98a7a00b,75.0,2026-07-13 16:00:00,2026-07-13 17:15:00,Finished,MP1 - Material preparation - automatic sawing (ZGN_01),True
,,,,,M4-01 - AW - 4axis - Conveyor Automation (FR4_01),__export__.mrp_workcenter_56_d6637dea,330.0,2026-08-14 08:00:00,2026-08-14 13:30:00,Finished,M4-01_(FR4_01),True
,,,,,M3-01 - AW - 3axis - Manual (FR3_01),__export__.mrp_workcenter_54_3f0243e1,210.0,2026-08-17 16:36:00,2026-08-17 20:06:00,Finished,M3-01_(FR3_01),True
,,,,,BW - Benchwork (BKW_01),__export__.mrp_workcenter_66_9f807a30,60.0,2026-08-18 15:05:00,2026-08-18 16:05:00,Finished,BW_(BKW_01),True
,,,,,PACK - Packaging (VERP_P),__export__.mrp_workcenter_67_d1ac8ce6,60.0,2026-08-18 16:55:00,2026-08-18 17:55:00,Finished,PACK_(VERP_P),True
__export__.mrp_production_7014_5c77ebb4,[4022-455-09997-3] post 7,14931.0,40.0,2026-08-18 02:00:00,MP1 - Mat. prep - automatic sawing (ZGN_01),__export__.mrp_workcenter_63_98a7a00b,55.0,,,To Do,-,True
,,,,,M4-01 - AW - 4axis - Conveyor Automation (FR4_01),__export__.mrp_workcenter_56_d6637dea,330.0,,,To Do,-,True
,,,,,M3-01 - AW - 3axis - Manual (FR3_01),__export__.mrp_workcenter_54_3f0243e1,130.0,,,To Do,-,True
,,,,,PACK - Packaging (VERP_P),__export__.mrp_workcenter_67_d1ac8ce6,40.0,,,To Do,-,True
__export__.mrp_production_7015_89c33165,[4022-456-08803] LENSGAS INTERFACE BLOCK,14932.0,31.0,2026-07-17 02:00:00,MP1 - Mat. prep - automatic sawing (ZGN_01),__export__.mrp_workcenter_63_98a7a00b,46.0,2026-07-14 12:24:00,2026-07-14 13:10:00,Finished,MP1 - Material preparation - automatic sawing (ZGN_01),True
,,,,,M3-01 - AW - 3axis - Manual (FR3_01),__export__.mrp_workcenter_54_3f0243e1,121.0,2026-07-15 16:55:00,2026-07-15 18:56:00,Finished,M3-01_(FR3_01),True
,,,,,M5-01 - AW - 5axis - Conveyor Automation (FR5_01),__export__.mrp_workcenter_58_a525d5b9,710.0,2026-07-15 19:00:00,2026-07-16 06:50:00,Finished,M5-01_(FR5_01),True
,,,,,M3-01 - AW - 3axis - Manual (FR3_01),__export__.mrp_workcenter_54_3f0243e1,245.0,2026-07-21 11:21:00,2026-07-21 15:26:00,Finished,M3-01_(FR3_01),True
,,,,,BW - Benchwork (BKW_01),__export__.mrp_workcenter_66_9f807a30,31.0,2026-07-21 15:39:00,2026-07-21 16:10:00,Finished,BW_(BKW_01),True
,,,,,PACK - Packaging (VERP_P),__export__.mrp_workcenter_67_d1ac8ce6,31.0,2026-07-21 16:30:00,2026-07-21 17:01:00,Finished,PACK_(VERP_P),True
__export__.mrp_production_7016_fa99c96e,[4022-666-18121] Distance Bush 1,14984.0,342.0,2026-07-12 12:00:00,MP1 - Mat. prep - automatic sawing (ZGN_01),__export__.mrp_workcenter_63_98a7a00b,357.0,2026-07-13 08:30:00,2026-07-13 14:27:00,Finished,MP1 - Material preparation - automatic sawing (ZGN_01),True
,,,,,M3-01 - AW - 3axis - Manual (FR3_01),__export__.mrp_workcenter_54_3f0243e1,3168.0,2026-08-07 13:46:00,2026-08-12 18:34:00,Finished,M3-01_(FR3_01),True
,,,,,BW - Benchwork (BKW_01),__export__.mrp_workcenter_66_9f807a30,684.0,2026-08-12 20:35:00,2026-08-13 15:59:00,Finished,BW_(BKW_01),True
,,,,,PACK - Packaging (VERP_P),__export__.mrp_workcenter_67_d1ac8ce6,342.0,2026-08-14 10:09:00,2026-08-14 15:51:00,Finished,PACK_(VERP_P),True
__export__.mrp_production_7017_b4825ed9,[4022-333-58791] Filterhouder Cu 0.1,14921.0,60.0,2026-07-12 12:00:00,MP2 - Mat. prep - manual sawing (ZGN_02),__export__.mrp_workcenter_64_95992ef5,60.0,2026-07-10 08:35:00,2026-07-10 09:35:00,Finished,MP2_(ZGN_02),True
,,,,,M4-01 - AW - 4axis - Conveyor Automation (FR4_01),__export__.mrp_workcenter_56_d6637dea,270.0,2026-07-30 19:30:00,2026-07-31 00:00:00,Finished,M4-01_(FR4_01),True
,,,,,BW - Benchwork (BKW_01),__export__.mrp_workcenter_66_9f807a30,300.0,2026-07-31 09:55:00,2026-07-31 14:55:00,Finished,BW_(BKW_01),True
,,,,,PACK - Packaging (VERP_P),__export__.mrp_workcenter_67_d1ac8ce6,60.0,2026-07-31 15:05:00,2026-07-31 16:05:00,Finished,PACK_(VERP_P),True
__export__.mrp_production_7018_040e56b0,[4022.681.2549_2] NXE SR NSM ACTUATED PLATE TOOL,16671.0,1.0,2026-07-21 13:00:00,MP1 - Mat. prep - automatic sawing (ZGN_01),__export__.mrp_workcenter_63_98a7a00b,15.0,2026-07-15 12:55:00,2026-07-15 13:10:00,Finished,MP1 - Material preparation - automatic sawing (ZGN_01),True
,,,,,M3-01 - AW - 3axis - Manual (FR3_01),__export__.mrp_workcenter_54_3f0243e1,90.0,2026-07-15 19:11:00,2026-07-15 20:41:00,Finished,M3-01_(FR3_01),True
__export__.mrp_production_7019_5abb5bc6,[4022.681.2553_2] NXE SR NSM LINK A TOOL,16672.0,1.0,2026-07-21 13:00:00,MP1 - Mat. prep - automatic sawing (ZGN_01),__export__.mrp_workcenter_63_98a7a00b,15.0,2026-07-15 13:25:00,2026-07-15 13:40:00,Finished,MP1 - Material preparation - automatic sawing (ZGN_01),True
,,,,,M3-01 - AW - 3axis - Manual (FR3_01),__export__.mrp_workcenter_54_3f0243e1,90.0,2026-07-15 20:56:00,2026-07-15 22:26:00,Finished,M3-01_(FR3_01),True
__export__.mrp_production_7020_19cbb364,[4022.681.2554_2] NXE SR NSM LINK B TOOL,16673.0,1.0,2026-07-21 13:00:00,MP1 - Mat. prep - automatic sawing (ZGN_01),__export__.mrp_workcenter_63_98a7a00b,15.0,2026-07-15 13:55:00,2026-07-15 14:10:00,Finished,MP1 - Material preparation - automatic sawing (ZGN_01),True
,,,,,M3-01 - AW - 3axis - Manual (FR3_01),__export__.mrp_workcenter_54_3f0243e1,90.0,2026-07-15 22:41:00,2026-07-16 08:11:00,Finished,M3-01_(FR3_01),True
__export__.mrp_production_7021_08753300,[4022.681.2555_2] NXE SR NSM NUT JOINT TOOL,16175.0,1.0,2026-07-21 13:00:00,MP1 - Mat. prep - automatic sawing (ZGN_01),__export__.mrp_workcenter_63_98a7a00b,15.0,2026-07-15 14:25:00,2026-07-15 14:40:00,Finished,MP1 - Material preparation - automatic sawing (ZGN_01),True
,,,,,M3-01 - AW - 3axis - Manual (FR3_01),__export__.mrp_workcenter_54_3f0243e1,90.0,2026-07-16 08:26:00,2026-07-16 09:56:00,Finished,M3-01_(FR3_01),True
__export__.mrp_production_7022_572473e8,[4022.681.2556_2] NXE SR NSM BEARING JOINT TOOL,16176.0,1.0,2026-07-21 13:00:00,MP1 - Mat. prep - automatic sawing (ZGN_01),__export__.mrp_workcenter_63_98a7a00b,15.0,2026-07-15 14:55:00,2026-07-15 15:10:00,Finished,MP1 - Material preparation - automatic sawing (ZGN_01),True
,,,,,M3-01 - AW - 3axis - Manual (FR3_01),__export__.mrp_workcenter_54_3f0243e1,90.0,2026-07-24 16:33:00,2026-07-24 18:03:00,Finished,M3-01_(FR3_01),True
__export__.mrp_production_7023_8d11f124,[4022.681.2498_3] NXE SR NSM BLOCK A TOOL,16168.0,1.0,2026-07-21 13:00:00,MP1 - Mat. prep - automatic sawing (ZGN_01),__export__.mrp_workcenter_63_98a7a00b,15.0,2026-07-15 15:25:00,2026-07-15 15:40:00,Finished,MP1 - Material preparation - automatic sawing (ZGN_01),True
,,,,,M3-01 - AW - 3axis - Manual (FR3_01),__export__.mrp_workcenter_54_3f0243e1,90.0,2026-07-24 18:18:00,2026-07-24 19:48:00,Finished,M3-01_(FR3_01),True
__export__.mrp_production_7024_b33a2eda,[4022.681.2494_2] NXE SR DPA CLEVIS TOOL,16167.0,1.0,2026-07-21 13:00:00,MP1 - Mat. prep - automatic sawing (ZGN_01),__export__.mrp_workcenter_63_98a7a00b,15.0,2026-07-17 12:00:00,2026-07-17 12:15:00,Finished,MP1 - Material preparation - automatic sawing (ZGN_01),True
,,,,,M3-01 - AW - 3axis - Manual (FR3_01),__export__.mrp_workcenter_54_3f0243e1,90.0,2026-07-24 20:03:00,2026-07-24 21:33:00,Finished,M3-01_(FR3_01),True
__export__.mrp_production_7025_1b89777b,[7005-2500-0064] PEU Quick Release RIGHT / N26251090V01-00,18675.0,10.0,2026-07-27 02:00:00,MP1 - Mat. prep - automatic sawing (ZGN_01),__export__.mrp_workcenter_63_98a7a00b,25.0,,,To Do,-,True
,,,,,MP2 - Mat. prep - manual sawing (ZGN_02),__export__.mrp_workcenter_64_95992ef5,10.0,,,To Do,-,True
,,,,,M5-03 - UMC1 - 5axis - Manual (UMC750),__export__.mrp_workcenter_61_bcb50df3,240.0,,,To Do,-,True
,,,,,M3-03 - VF - 3axis - Manual (VF2SS),__export__.mrp_workcenter_60_6593b576,390.0,,,To Do,-,True
__export__.mrp_production_7026_b279d221,[7005-2500-0065] PEU Quick Release LEFT / N26251091V01-00,18676.0,10.0,2026-07-27 02:00:00,MP1 - Mat. prep - automatic sawing (ZGN_01),__export__.mrp_workcenter_63_98a7a00b,25.0,,,To Do,-,True
,,,,,MP2 - Mat. prep - manual sawing (ZGN_02),__export__.mrp_workcenter_64_95992ef5,10.0,,,To Do,-,True
,,,,,M5-03 - UMC1 - 5axis - Manual (UMC750),__export__.mrp_workcenter_61_bcb50df3,240.0,,,To Do,-,True
,,,,,M3-03 - VF - 3axis - Manual (VF2SS),__export__.mrp_workcenter_60_6593b576,390.0,,,To Do,-,True
__export__.mrp_production_7031_fb8184f9,[4022-651-55002A] Gpas preamp CB Box + cover assy,14975.0,50.0,2026-07-14 12:00:00,MP1 - Mat. prep - automatic sawing (ZGN_01),__export__.mrp_workcenter_63_98a7a00b,65.0,2026-07-13 14:42:00,2026-07-13 15:47:00,Finished,MP1 - Material preparation - automatic sawing (ZGN_01),True
,,,,,M5-02 - AW - 5axis - Pallet Automation (FR5_02),__export__.mrp_workcenter_59_d6deab7b,3090.0,2026-08-05 14:22:00,2026-08-07 17:52:00,Finished,M5-02_(FR5_02),True
,,,,,M5-01 - AW - 5axis - Conveyor Automation (FR5_01),__export__.mrp_workcenter_58_a525d5b9,1840.0,2026-08-10 08:00:00,2026-08-11 14:40:00,Finished,M5-01_(FR5_01),True
,,,,,BW - Benchwork (BKW_01),__export__.mrp_workcenter_66_9f807a30,200.0,2026-08-13 16:00:00,2026-08-13 19:20:00,Finished,BW_(BKW_01),True
,,,,,PACK - Packaging (VERP_P),__export__.mrp_workcenter_67_d1ac8ce6,50.0,2026-08-14 16:00:00,2026-08-14 16:50:00,Finished,PACK_(VERP_P),True
__export__.mrp_production_7046_24edd763,[00236-05-103-C] geleideblok spanrol,14885.0,134.0,2026-07-23 12:00:00,MP1 - Mat. prep - automatic sawing (ZGN_01),__export__.mrp_workcenter_63_98a7a00b,149.0,2026-07-14 14:24:00,2026-07-14 16:53:00,Finished,MP1 - Material preparation - automatic sawing (ZGN_01),True
,,,,,M4-01 - AW - 4axis - Conveyor Automation (FR4_01),__export__.mrp_workcenter_56_d6637dea,2234.0,,,To Do,-,True
,,,,,M3-02 - AW - 3axis - Manual (FR3_02),__export__.mrp_workcenter_55_15609e22,358.0,,,To Do,-,True
,,,,,OUT - Outsourced activity,__export__.mrp_workcenter_68_8bff6631,2250.0,,,To Do,-,True
,,,,,PACK - Packaging (VERP_P),__export__.mrp_workcenter_67_d1ac8ce6,134.0,,,To Do,-,True
__export__.mrp_production_7047_47cb762c,[00429-00-249-A] Plint adjust strip,14894.0,420.0,2026-07-23 12:00:00,MP1 - Mat. prep - automatic sawing (ZGN_01),__export__.mrp_workcenter_63_98a7a00b,16.0,2026-07-15 09:23:00,2026-07-15 09:39:00,Finished,MP1 - Material preparation - automatic sawing (ZGN_01),True
,,,,,M4-01 - AW - 4axis - Conveyor Automation (FR4_01),__export__.mrp_workcenter_56_d6637dea,96.0,2026-07-16 14:02:00,2026-07-16 15:38:00,Finished,M4-02_(FR4_02),True
,,,,,BW - Benchwork (BKW_01),__export__.mrp_workcenter_66_9f807a30,1.0,2026-07-16 15:39:00,2026-07-16 15:40:00,Finished,BW_(BKW_01),True
,,,,,OUT - Outsourced activity,__export__.mrp_workcenter_68_8bff6631,2250.0,,,To Do,-,True
,,,,,PACK - Packaging (VERP_P),__export__.mrp_workcenter_67_d1ac8ce6,1.0,,,To Do,-,True
__export__.mrp_production_7048_35d221ef,[00385-00-329-A] End plate finger safety hinge,14891.0,473.0,2026-07-23 12:00:00,MP1 - Mat. prep - automatic sawing (ZGN_01),__export__.mrp_workcenter_63_98a7a00b,488.0,2026-07-14 17:00:00,2026-07-15 09:08:00,Finished,MP1 - Material preparation - automatic sawing (ZGN_01),True
,,,,,M3-01 - AW - 3axis - Manual (FR3_01),__export__.mrp_workcenter_54_3f0243e1,1509.0,,,To Do,-,True
,,,,,BW - Benchwork (BKW_01),__export__.mrp_workcenter_66_9f807a30,473.0,,,To Do,-,True
,,,,,OUT - Outsourced activity,__export__.mrp_workcenter_68_8bff6631,2250.0,,,To Do,-,True
,,,,,PACK - Packaging (VERP_P),__export__.mrp_workcenter_67_d1ac8ce6,473.0,,,To Do,-,True
__export__.mrp_production_7049_04716836,[4022-337-33842] arret holder,14925.0,120.0,2026-07-16 12:00:00,MP1 - Mat. prep - automatic sawing (ZGN_01),__export__.mrp_workcenter_63_98a7a00b,135.0,2026-07-13 23:44:00,2026-07-14 09:59:00,Finished,MP1 - Material preparation - automatic sawing (ZGN_01),True
,,,,,M3-01 - AW - 3axis - Manual (FR3_01),__export__.mrp_workcenter_54_3f0243e1,330.0,2026-07-15 11:10:00,2026-07-15 16:40:00,Finished,M3-01_(FR3_01),True
,,,,,MP1 - Mat. prep - automatic sawing (ZGN_01),__export__.mrp_workcenter_63_98a7a00b,135.0,2026-07-17 09:30:00,2026-07-17 11:45:00,Finished,MP1 - Material preparation - automatic sawing (ZGN_01),True
,,,,,M5-02 - AW - 5axis - Pallet Automation (FR5_02),__export__.mrp_workcenter_59_d6deab7b,3090.0,2026-08-07 18:07:00,2026-08-11 21:37:00,Finished,M5-02_(FR5_02),True
,,,,,M3-01 - AW - 3axis - Manual (FR3_01),__export__.mrp_workcenter_54_3f0243e1,1050.0,2026-08-17 20:21:00,2026-08-18 21:51:00,Finished,M3-01_(FR3_01),True
,,,,,BW - Benchwork (BKW_01),__export__.mrp_workcenter_66_9f807a30,360.0,,,To Do,-,True
,,,,,PACK - Packaging (VERP_P),__export__.mrp_workcenter_67_d1ac8ce6,120.0,,,To Do,-,True
__export__.mrp_production_7069_c01d62c8,[4022.632.63021] WTP LOCKING NUT,7034.0,1070.0,2026-05-27 11:36:36,MP1 - Mat. prep - automatic sawing (ZGN_01),__export__.mrp_workcenter_63_98a7a00b,31.0,2000-01-01 00:00:00,2000-01-01 00:00:00,Cancelled,-,True
,,,,,M3-01 - AW - 3axis - Manual (FR3_01),__export__.mrp_workcenter_54_3f0243e1,330.0,2000-01-01 00:00:00,2000-01-01 00:00:00,Cancelled,-,True
,,,,,MP1 - Mat. prep - automatic sawing (ZGN_01),__export__.mrp_workcenter_63_98a7a00b,31.0,2000-01-01 00:00:00,2000-01-01 00:00:00,Cancelled,-,True
,,,,,M5-05 - UMC2 - 5axis  - Manual (UMC750),__export__.mrp_workcenter_83_95c50e96,332.0,2026-07-10 08:00:00,2026-07-10 13:32:00,Finished,UMC750SS_(M5-05),True
,,,,,OUT - Outsourced activity,__export__.mrp_workcenter_68_8bff6631,2250.0,2026-07-10 13:45:00,2026-07-17 11:15:00,Finished,OUT - Outsourced activity_(OUT - Outsourced),True
__export__.mrp_production_7070_be82cc8c,[7447803] 000930853.step,19660.0,5.0,2026-11-19 01:00:00,MP1 - Mat. prep - automatic sawing (ZGN_01),__export__.mrp_workcenter_63_98a7a00b,15.0,,,To Do,-,True
,,,,,M3-01 - AW - 3axis - Manual (FR3_01),__export__.mrp_workcenter_54_3f0243e1,90.0,,,To Do,-,True
__export__.mrp_production_7071_149f88a1,[7448218] 000931831.step,19661.0,1.0,2026-11-19 01:00:00,MP1 - Mat. prep - automatic sawing (ZGN_01),__export__.mrp_workcenter_63_98a7a00b,15.0,,,To Do,-,True
,,,,,M3-01 - AW - 3axis - Manual (FR3_01),__export__.mrp_workcenter_54_3f0243e1,90.0,,,To Do,-,True
__export__.mrp_production_7081_83492fc7,[4022.632.63021] WTP LOCKING NUT,7034.0,1608.0,2026-11-19 01:00:00,MP1 - Mat. prep - automatic sawing (ZGN_01),__export__.mrp_workcenter_63_98a7a00b,39.0,,,To Do,-,True
,,,,,M3-01 - AW - 3axis - Manual (FR3_01),__export__.mrp_workcenter_54_3f0243e1,450.0,,,To Do,-,True
,,,,,MP1 - Mat. prep - automatic sawing (ZGN_01),__export__.mrp_workcenter_63_98a7a00b,39.0,,,To Do,-,True
,,,,,M5-01 - AW - 5axis - Conveyor Automation (FR5_01),__export__.mrp_workcenter_58_a525d5b9,498.0,,,To Do,-,True
,,,,,OUT - Outsourced activity,__export__.mrp_workcenter_68_8bff6631,2250.0,,,To Do,-,True
__export__.mrp_production_7082_6b95c93f,[4022-451-22801B] RS Lock MF-X Preload Housing,15540.0,6.0,2026-09-15 02:00:00,MP1 - Mat. prep - automatic sawing (ZGN_01),__export__.mrp_workcenter_63_98a7a00b,15.0,,,To Do,-,True
,,,,,M3-01 - AW - 3axis - Manual (FR3_01),__export__.mrp_workcenter_54_3f0243e1,90.0,,,To Do,-,True
__export__.mrp_production_7083_bb8ea33f,[4022-671-49061] Bpam front 1,14988.0,152.0,2026-07-21 12:00:00,MP1 - Mat. prep - automatic sawing (ZGN_01),__export__.mrp_workcenter_63_98a7a00b,167.0,2026-07-15 09:53:00,2026-07-15 12:40:00,Finished,MP1 - Material preparation - automatic sawing (ZGN_01),True
,,,,,M3-01 - AW - 3axis - Manual (FR3_01),__export__.mrp_workcenter_54_3f0243e1,1610.0,,,To Do,-,True
,,,,,M3-01 - AW - 3axis - Manual (FR3_01),__export__.mrp_workcenter_54_3f0243e1,850.0,,,To Do,-,True
,,,,,PACK - Packaging (VERP_P),__export__.mrp_workcenter_67_d1ac8ce6,152.0,,,To Do,-,True
__export__.mrp_production_7084_9903ff3e,[4022-651-55002A] Gpas preamp CB Box + cover assy,14975.0,100.0,2026-07-21 12:00:00,MP1 - Mat. prep - automatic sawing (ZGN_01),__export__.mrp_workcenter_63_98a7a00b,115.0,2026-07-14 10:14:00,2026-07-14 12:09:00,Finished,MP1 - Material preparation - automatic sawing (ZGN_01),True
,,,,,M5-02 - AW - 5axis - Pallet Automation (FR5_02),__export__.mrp_workcenter_59_d6deab7b,6090.0,2026-08-11 21:52:00,2026-08-18 03:22:00,Finished,M5-02_(FR5_02),True
,,,,,M5-01 - AW - 5axis - Conveyor Automation (FR5_01),__export__.mrp_workcenter_58_a525d5b9,3590.0,,,To Do,-,True
,,,,,BW - Benchwork (BKW_01),__export__.mrp_workcenter_66_9f807a30,400.0,,,To Do,-,True
,,,,,PACK - Packaging (VERP_P),__export__.mrp_workcenter_67_d1ac8ce6,100.0,,,To Do,-,True
__export__.mrp_production_7085_77271653,[BD50-5085-007-C] bracket,15031.0,62.0,2026-11-12 01:00:00,MP2 - Mat. prep - manual sawing (ZGN_02),__export__.mrp_workcenter_64_95992ef5,62.0,,,To Do,-,True
,,,,,M3-01 - AW - 3axis - Manual (FR3_01),__export__.mrp_workcenter_54_3f0243e1,462.0,,,To Do,-,True
,,,,,BW - Benchwork (BKW_01),__export__.mrp_workcenter_66_9f807a30,124.0,,,To Do,-,True
,,,,,PACK - Packaging (VERP_P),__export__.mrp_workcenter_67_d1ac8ce6,62.0,,,To Do,-,True
,,,,,OUT - Outsourced activity,__export__.mrp_workcenter_68_8bff6631,4500.0,,,To Do,-,True
,,,,,PACK - Packaging (VERP_P),__export__.mrp_workcenter_67_d1ac8ce6,62.0,,,To Do,-,True
__export__.mrp_production_7086_3f3f3a3d,[BD50-5085-007-C] bracket,15031.0,30.0,2026-11-12 01:00:00,MP2 - Mat. prep - manual sawing (ZGN_02),__export__.mrp_workcenter_64_95992ef5,30.0,,,To Do,-,True
,,,,,M3-01 - AW - 3axis - Manual (FR3_01),__export__.mrp_workcenter_54_3f0243e1,270.0,,,To Do,-,True
,,,,,BW - Benchwork (BKW_01),__export__.mrp_workcenter_66_9f807a30,60.0,,,To Do,-,True
,,,,,PACK - Packaging (VERP_P),__export__.mrp_workcenter_67_d1ac8ce6,30.0,,,To Do,-,True
,,,,,OUT - Outsourced activity,__export__.mrp_workcenter_68_8bff6631,4500.0,,,To Do,-,True
,,,,,PACK - Packaging (VERP_P),__export__.mrp_workcenter_67_d1ac8ce6,30.0,,,To Do,-,True
__export__.mrp_production_7087_3703c654,[BD50-5085-009-C] bracket,15032.0,57.0,2026-11-12 01:00:00,MP2 - Mat. prep - manual sawing (ZGN_02),__export__.mrp_workcenter_64_95992ef5,57.0,,,To Do,-,True
,,,,,M3-01 - AW - 3axis - Manual (FR3_01),__export__.mrp_workcenter_54_3f0243e1,432.0,,,To Do,-,True
,,,,,BW - Benchwork (BKW_01),__export__.mrp_workcenter_66_9f807a30,114.0,,,To Do,-,True
,,,,,PACK - Packaging (VERP_P),__export__.mrp_workcenter_67_d1ac8ce6,57.0,,,To Do,-,True
,,,,,OUT - Outsourced activity,__export__.mrp_workcenter_68_8bff6631,4500.0,,,To Do,-,True
,,,,,PACK - Packaging (VERP_P),__export__.mrp_workcenter_67_d1ac8ce6,57.0,,,To Do,-,True
__export__.mrp_production_7088_c4ef1e05,[BD50-5085-009-C] bracket,15032.0,30.0,2026-11-12 01:00:00,MP2 - Mat. prep - manual sawing (ZGN_02),__export__.mrp_workcenter_64_95992ef5,30.0,,,To Do,-,True
,,,,,M3-01 - AW - 3axis - Manual (FR3_01),__export__.mrp_workcenter_54_3f0243e1,270.0,,,To Do,-,True
,,,,,BW - Benchwork (BKW_01),__export__.mrp_workcenter_66_9f807a30,60.0,,,To Do,-,True
,,,,,PACK - Packaging (VERP_P),__export__.mrp_workcenter_67_d1ac8ce6,30.0,,,To Do,-,True
,,,,,OUT - Outsourced activity,__export__.mrp_workcenter_68_8bff6631,4500.0,,,To Do,-,True
,,,,,PACK - Packaging (VERP_P),__export__.mrp_workcenter_67_d1ac8ce6,30.0,,,To Do,-,True
__export__.mrp_production_7089_d51ed5a1,[BD50-5085-011-C] bracket,15033.0,20.0,2026-11-12 01:00:00,MP2 - Mat. prep - manual sawing (ZGN_02),__export__.mrp_workcenter_64_95992ef5,20.0,,,To Do,-,True
,,,,,M3-01 - AW - 3axis - Manual (FR3_01),__export__.mrp_workcenter_54_3f0243e1,210.0,,,To Do,-,True
,,,,,BW - Benchwork (BKW_01),__export__.mrp_workcenter_66_9f807a30,40.0,,,To Do,-,True
,,,,,PACK - Packaging (VERP_P),__export__.mrp_workcenter_67_d1ac8ce6,20.0,,,To Do,-,True
,,,,,OUT - Outsourced activity,__export__.mrp_workcenter_68_8bff6631,4500.0,,,To Do,-,True
,,,,,PACK - Packaging (VERP_P),__export__.mrp_workcenter_67_d1ac8ce6,20.0,,,To Do,-,True
__export__.mrp_production_7090_cf4cbf38,[BD50-5085-011-C] bracket,15033.0,50.0,2026-11-12 01:00:00,MP2 - Mat. prep - manual sawing (ZGN_02),__export__.mrp_workcenter_64_95992ef5,50.0,,,To Do,-,True
,,,,,M3-01 - AW - 3axis - Manual (FR3_01),__export__.mrp_workcenter_54_3f0243e1,390.0,,,To Do,-,True
,,,,,BW - Benchwork (BKW_01),__export__.mrp_workcenter_66_9f807a30,100.0,,,To Do,-,True
,,,,,PACK - Packaging (VERP_P),__export__.mrp_workcenter_67_d1ac8ce6,50.0,,,To Do,-,True
,,,,,OUT - Outsourced activity,__export__.mrp_workcenter_68_8bff6631,4500.0,,,To Do,-,True
,,,,,PACK - Packaging (VERP_P),__export__.mrp_workcenter_67_d1ac8ce6,50.0,,,To Do,-,True
__export__.mrp_production_7091_ee7ba730,[BD50-5085-013-C] bracket,15034.0,55.0,2026-11-12 01:00:00,MP2 - Mat. prep - manual sawing (ZGN_02),__export__.mrp_workcenter_64_95992ef5,55.0,,,To Do,-,True
,,,,,M3-01 - AW - 3axis - Manual (FR3_01),__export__.mrp_workcenter_54_3f0243e1,420.0,,,To Do,-,True
,,,,,BW - Benchwork (BKW_01),__export__.mrp_workcenter_66_9f807a30,110.0,,,To Do,-,True
,,,,,PACK - Packaging (VERP_P),__export__.mrp_workcenter_67_d1ac8ce6,55.0,,,To Do,-,True
,,,,,OUT - Outsourced activity,__export__.mrp_workcenter_68_8bff6631,4500.0,,,To Do,-,True
,,,,,PACK - Packaging (VERP_P),__export__.mrp_workcenter_67_d1ac8ce6,55.0,,,To Do,-,True
__export__.mrp_production_7092_08ed6ea8,[BD50-5085-013-C] bracket,15034.0,45.0,2026-11-12 01:00:00,MP2 - Mat. prep - manual sawing (ZGN_02),__export__.mrp_workcenter_64_95992ef5,45.0,,,To Do,-,True
,,,,,M3-01 - AW - 3axis - Manual (FR3_01),__export__.mrp_workcenter_54_3f0243e1,360.0,,,To Do,-,True
,,,,,BW - Benchwork (BKW_01),__export__.mrp_workcenter_66_9f807a30,90.0,,,To Do,-,True
,,,,,PACK - Packaging (VERP_P),__export__.mrp_workcenter_67_d1ac8ce6,45.0,,,To Do,-,True
,,,,,OUT - Outsourced activity,__export__.mrp_workcenter_68_8bff6631,4500.0,,,To Do,-,True
,,,,,PACK - Packaging (VERP_P),__export__.mrp_workcenter_67_d1ac8ce6,45.0,,,To Do,-,True
__export__.mrp_production_7093_4e69d2cc,[BD50-5075-011-E] bracket,15028.0,52.0,2026-11-12 01:00:00,MP2 - Mat. prep - manual sawing (ZGN_02),__export__.mrp_workcenter_64_95992ef5,52.0,,,To Do,-,True
,,,,,M3-01 - AW - 3axis - Manual (FR3_01),__export__.mrp_workcenter_54_3f0243e1,298.0,,,To Do,-,True
,,,,,BW - Benchwork (BKW_01),__export__.mrp_workcenter_66_9f807a30,104.0,,,To Do,-,True
,,,,,PACK - Packaging (VERP_P),__export__.mrp_workcenter_67_d1ac8ce6,52.0,,,To Do,-,True
,,,,,OUT - Outsourced activity,__export__.mrp_workcenter_68_8bff6631,4500.0,,,To Do,-,True
,,,,,PACK - Packaging (VERP_P),__export__.mrp_workcenter_67_d1ac8ce6,52.0,,,To Do,-,True
__export__.mrp_production_7094_5fd6a028,[BD50-5075-013F] bracket,15029.0,50.0,2026-11-12 01:00:00,MP2 - Mat. prep - manual sawing (ZGN_02),__export__.mrp_workcenter_64_95992ef5,50.0,,,To Do,-,True
,,,,,M3-01 - AW - 3axis - Manual (FR3_01),__export__.mrp_workcenter_54_3f0243e1,390.0,,,To Do,-,True
,,,,,BW - Benchwork (BKW_01),__export__.mrp_workcenter_66_9f807a30,100.0,,,To Do,-,True
,,,,,PACK - Packaging (VERP_P),__export__.mrp_workcenter_67_d1ac8ce6,50.0,,,To Do,-,True
,,,,,OUT - Outsourced activity,__export__.mrp_workcenter_68_8bff6631,4500.0,,,To Do,-,True
,,,,,PACK - Packaging (VERP_P),__export__.mrp_workcenter_67_d1ac8ce6,50.0,,,To Do,-,True
__export__.mrp_production_7095_932ac3aa,[BD50-5075-013F] bracket,15029.0,20.0,2026-11-12 01:00:00,MP2 - Mat. prep - manual sawing (ZGN_02),__export__.mrp_workcenter_64_95992ef5,20.0,,,To Do,-,True
,,,,,M3-01 - AW - 3axis - Manual (FR3_01),__export__.mrp_workcenter_54_3f0243e1,210.0,,,To Do,-,True
,,,,,BW - Benchwork (BKW_01),__export__.mrp_workcenter_66_9f807a30,40.0,,,To Do,-,True
,,,,,PACK - Packaging (VERP_P),__export__.mrp_workcenter_67_d1ac8ce6,20.0,,,To Do,-,True
,,,,,OUT - Outsourced activity,__export__.mrp_workcenter_68_8bff6631,4500.0,,,To Do,-,True
,,,,,PACK - Packaging (VERP_P),__export__.mrp_workcenter_67_d1ac8ce6,20.0,,,To Do,-,True
__export__.mrp_production_7096_98ba3320,[BD50-5075-015F] bracket,15030.0,43.0,2026-11-12 01:00:00,MP2 - Mat. prep - manual sawing (ZGN_02),__export__.mrp_workcenter_64_95992ef5,43.0,,,To Do,-,True
,,,,,M3-01 - AW - 3axis - Manual (FR3_01),__export__.mrp_workcenter_54_3f0243e1,348.0,,,To Do,-,True
,,,,,BW - Benchwork (BKW_01),__export__.mrp_workcenter_66_9f807a30,86.0,,,To Do,-,True
,,,,,PACK - Packaging (VERP_P),__export__.mrp_workcenter_67_d1ac8ce6,43.0,,,To Do,-,True
,,,,,OUT - Outsourced activity,__export__.mrp_workcenter_68_8bff6631,4500.0,,,To Do,-,True
,,,,,PACK - Packaging (VERP_P),__export__.mrp_workcenter_67_d1ac8ce6,43.0,,,To Do,-,True
__export__.mrp_production_7097_07647ff1,[BD50-5075-015F] bracket,15030.0,20.0,2026-11-12 01:00:00,MP2 - Mat. prep - manual sawing (ZGN_02),__export__.mrp_workcenter_64_95992ef5,20.0,,,To Do,-,True
,,,,,M3-01 - AW - 3axis - Manual (FR3_01),__export__.mrp_workcenter_54_3f0243e1,210.0,,,To Do,-,True
,,,,,BW - Benchwork (BKW_01),__export__.mrp_workcenter_66_9f807a30,40.0,,,To Do,-,True
,,,,,PACK - Packaging (VERP_P),__export__.mrp_workcenter_67_d1ac8ce6,20.0,,,To Do,-,True
,,,,,OUT - Outsourced activity,__export__.mrp_workcenter_68_8bff6631,4500.0,,,To Do,-,True
,,,,,PACK - Packaging (VERP_P),__export__.mrp_workcenter_67_d1ac8ce6,20.0,,,To Do,-,True
__export__.mrp_production_7098_92dba811,[4022-666-65702(R1)] LSPH coverplate stud block,14986.0,524.0,2026-05-28 12:00:00,MP1 - Mat. prep - automatic sawing (ZGN_01),__export__.mrp_workcenter_63_98a7a00b,120.0,2000-01-01 00:00:00,2000-01-01 00:00:00,Cancelled,-,True
,,,,,M4-01 - AW - 4axis - Conveyor Automation (FR4_01),__export__.mrp_workcenter_56_d6637dea,405.0,2000-01-01 00:00:00,2000-01-01 00:00:00,Cancelled,-,True
,,,,,M3-01 - AW - 3axis - Manual (FR3_01),__export__.mrp_workcenter_54_3f0243e1,195.0,2026-07-13 15:56:00,2026-07-13 19:11:00,Finished,M3-01_(FR3_01),True
,,,,,BW - Benchwork (BKW_01),__export__.mrp_workcenter_66_9f807a30,105.0,2026-07-13 21:06:00,2026-07-13 22:51:00,Finished,BW_(BKW_01),True
,,,,,OUT - Outsourced activity,__export__.mrp_workcenter_68_8bff6631,2250.0,2026-07-14 08:00:00,2026-07-20 13:30:00,Finished,OUT - Outsourced activity_(OUT - Outsourced),True
,,,,,PACK - Packaging (VERP_P),__export__.mrp_workcenter_67_d1ac8ce6,105.0,2026-07-20 19:34:00,2026-07-20 21:19:00,Finished,PACK_(VERP_P),True
