ID,Product,Product/ID,Quantity To Produce,Deadline,Work Orders/Work Center,Work Orders/Work Center/ID,Work Orders/Expected Duration,Work Orders/Start,Work Orders/End,Work Orders/Status,Simulation_Planned
__export__.mrp_production_1104_d3ae4426,[4022-651-55002A] Gpas preamp CB Box + cover assy,14975.0,27.0,2026-10-27 12:00:00,MP1 - Mat. prep - automatic sawing (ZGN_01),__export__.mrp_workcenter_63_98a7a00b,42.0,2025-02-28 11:30:57,2026-03-23 08:51:57,Finished,False
,,,,,M5-02 - AW - 5axis - Pallet Automation (FR5_02),__export__.mrp_workcenter_59_d6deab7b,1710.0,,,To Do,False
,,,,,M5-02 - AW - 5axis - Pallet Automation (FR5_02),__export__.mrp_workcenter_59_d6deab7b,1035.0,,,To Do,False
,,,,,BW - Benchwork (BKW_01),__export__.mrp_workcenter_66_9f807a30,108.0,,,To Do,False
,,,,,PACK - Packaging (VERP_P),__export__.mrp_workcenter_67_d1ac8ce6,27.0,,,To Do,False
__export__.mrp_production_1197_849443cd,[1082700B] Block cooling water TMP,14907.0,68.0,2026-10-27 12:00:00,M5-02 - AW - 5axis - Pallet Automation (FR5_02),__export__.mrp_workcenter_59_d6deab7b,2538.0,,,To Do,False
,,,,,"MP3 - Mat. prep - pre-cutted, only picking (UITG_M)",__export__.mrp_workcenter_65_c1e1b939,340.0,,,To Do,False
,,,,,BW - Benchwork (BKW_01),__export__.mrp_workcenter_66_9f807a30,340.0,,,To Do,False
,,,,,PACK - Packaging (VERP_P),__export__.mrp_workcenter_67_d1ac8ce6,68.0,,,To Do,False
__export__.mrp_production_5033_ffa23c2e,[4022.684.28993] RS C+H SLAB STAT PLT IL SIDE / CLS,18261.0,1.0,2026-02-09 01:00:00,MP1 - Mat. prep - automatic sawing (ZGN_01),__export__.mrp_workcenter_63_98a7a00b,16.0,2026-02-06 13:37:06,2026-02-06 13:37:06,Finished,True
,,,,,M5-03 - UMC1 - 5axis - Manual (UMC750),__export__.mrp_workcenter_61_bcb50df3,405.0,2026-02-06 13:38:20,2026-02-06 13:38:20,Finished,True
,,,,,M3-01 - AW - 3axis - Manual (FR3_01),__export__.mrp_workcenter_54_3f0243e1,113.0,2026-02-06 13:39:12,2026-02-06 13:39:12,Finished,True
,,,,,OUT - Outsourced activity,__export__.mrp_workcenter_68_8bff6631,4500.0,2026-06-23 08:15:00,,In Progress,True
,,,,,OUT - Outsourced activity,__export__.mrp_workcenter_68_8bff6631,4500.0,,,To Do,True
__export__.mrp_production_5034_4d53b4c4,[4022.684.29043] RS C+H DYN ATTACH PLT IL SIDE / CLS,18342.0,1.0,2026-02-09 01:00:00,"MP3 - Mat. prep - pre-cutted, only picking (UITG_M)",__export__.mrp_workcenter_65_c1e1b939,1.0,2026-02-06 13:43:14,2026-02-06 13:43:14,Finished,True
,,,,,M5-03 - UMC1 - 5axis - Manual (UMC750),__export__.mrp_workcenter_61_bcb50df3,335.0,2026-02-06 13:43:09,2026-02-06 13:43:09,Finished,True
,,,,,OUT - Outsourced activity,__export__.mrp_workcenter_68_8bff6631,4500.0,2026-06-23 08:19:00,,In Progress,True
,,,,,OUT - Outsourced activity,__export__.mrp_workcenter_68_8bff6631,4500.0,,,To Do,True
__export__.mrp_production_5035_e3dce293,[4022.684.28962] RS C+H DYN ATTACH PLT RH SIDE / CLS,18348.0,1.0,2026-02-09 01:00:00,"MP3 - Mat. prep - pre-cutted, only picking (UITG_M)",__export__.mrp_workcenter_65_c1e1b939,1.0,2026-02-06 13:36:30,2026-02-06 13:36:30,Finished,False
,,,,,M5-03 - UMC1 - 5axis - Manual (UMC750),__export__.mrp_workcenter_61_bcb50df3,335.0,2026-02-06 13:36:38,2026-02-06 13:36:38,Finished,False
,,,,,OUT - Outsourced activity,__export__.mrp_workcenter_68_8bff6631,4500.0,,,To Do,False
,,,,,OUT - Outsourced activity,__export__.mrp_workcenter_68_8bff6631,4500.0,,,To Do,False
__export__.mrp_production_5036_bec2ca68,[4022.684.28842] RS C+H SLAB STAT PLT RH SIDE / CLS,18349.0,1.0,2026-02-09 01:00:00,MP1 - Mat. prep - automatic sawing (ZGN_01),__export__.mrp_workcenter_63_98a7a00b,16.0,2026-02-06 13:44:01,2026-02-06 13:44:01,Finished,False
,,,,,M5-03 - UMC1 - 5axis - Manual (UMC750),__export__.mrp_workcenter_61_bcb50df3,405.0,2026-02-06 13:44:10,2026-02-06 13:44:10,Finished,False
,,,,,M3-01 - AW - 3axis - Manual (FR3_01),__export__.mrp_workcenter_54_3f0243e1,113.0,2026-02-06 13:43:55,2026-02-06 13:43:55,Finished,False
,,,,,OUT - Outsourced activity,__export__.mrp_workcenter_68_8bff6631,4500.0,,,To Do,False
,,,,,OUT - Outsourced activity,__export__.mrp_workcenter_68_8bff6631,4500.0,,,To Do,False
__export__.mrp_production_5037_60eed60d,[4022.656.37971] UXL2 DGF QCK CONNECT MANIFOLD / CLS,18350.0,5.0,2026-02-09 01:00:00,"MP3 - Mat. prep - pre-cutted, only picking (UITG_M)",__export__.mrp_workcenter_65_c1e1b939,5.0,2026-02-06 13:43:33,2026-02-06 13:43:33,Finished,False
,,,,,M5-03 - UMC1 - 5axis - Manual (UMC750),__export__.mrp_workcenter_61_bcb50df3,710.0,2026-02-06 13:43:37,2026-02-06 13:43:37,Finished,False
,,,,,M5-03 - UMC1 - 5axis - Manual (UMC750),__export__.mrp_workcenter_61_bcb50df3,125.0,2026-02-06 13:43:40,2026-02-06 13:43:40,Finished,False
,,,,,OUT - Outsourced activity,__export__.mrp_workcenter_68_8bff6631,2250.0,,,To Do,False
__export__.mrp_production_5264_e20e4380,[4022.704.19282] RH RED GRIPPER BODY,14210.0,20.0,2026-04-10 02:00:00,"MP3 - Mat. prep - pre-cutted, only picking (UITG_M)",__export__.mrp_workcenter_65_c1e1b939,20.0,2026-02-06 14:35:52,2026-02-06 14:35:52,Finished,False
,,,,,M5-05 - UMC2 - 5axis  - Manual (UMC750),__export__.mrp_workcenter_83_95c50e96,9660.0,,,To Do,False
,,,,,OUT - Outsourced activity,__export__.mrp_workcenter_68_8bff6631,2250.0,,,To Do,False
__export__.mrp_production_5325_9ceb90b0,[4023-002-36551] filter plate wide Cu0.4 Rh0.06,15014.0,25.0,2026-01-16 08:00:00,MP2 - Mat. prep - manual sawing (ZGN_02),__export__.mrp_workcenter_64_95992ef5,25.0,2026-02-06 14:30:25,2026-02-06 14:30:25,Finished,True
,,,,,M4-01 - AW - 4axis - Conveyor Automation (FR4_01),__export__.mrp_workcenter_56_d6637dea,165.0,2026-02-06 14:30:36,2026-03-23 10:49:37,Finished,True
,,,,,BW - Benchwork (BKW_01),__export__.mrp_workcenter_66_9f807a30,125.0,2026-06-23 08:13:00,2026-06-23 10:19:00,Finished,True
,,,,,PACK - Packaging (VERP_P),__export__.mrp_workcenter_67_d1ac8ce6,25.0,2026-06-23 10:29:00,2026-06-23 10:55:00,Finished,True
__export__.mrp_production_5374_81713afd,[4022-637-29301] Hinge Block Fixed RM,14964.0,40.0,2026-01-16 10:00:00,MP1 - Mat. prep - automatic sawing (ZGN_01),__export__.mrp_workcenter_63_98a7a00b,55.0,2026-02-06 14:41:00,2026-02-06 14:41:00,Finished,True
,,,,,M4-02 - AW - 4axis - Conveyor Automation (FR4_02),__export__.mrp_workcenter_57_6faf5319,890.0,2026-03-23 11:11:00,2026-03-23 11:11:01,Finished,True
,,,,,M4-02 - AW - 4axis - Conveyor Automation (FR4_02),__export__.mrp_workcenter_57_6faf5319,290.0,2026-03-23 11:11:02,2026-03-23 11:11:04,Finished,True
,,,,,M4-02 - AW - 4axis - Conveyor Automation (FR4_02),__export__.mrp_workcenter_57_6faf5319,290.0,2026-03-23 11:11:17,2026-03-23 11:11:38,Finished,True
,,,,,BW - Benchwork (BKW_01),__export__.mrp_workcenter_66_9f807a30,120.0,2026-06-23 10:22:00,2026-06-23 12:23:00,Finished,True
,,,,,PACK - Packaging (VERP_P),__export__.mrp_workcenter_67_d1ac8ce6,40.0,2026-06-23 12:32:00,2026-06-23 13:13:00,Finished,True
__export__.mrp_production_5484_c81e293e,[4022.622.61092] RH RED GRIPPER CABLE COVER ,7366.0,29.0,2026-03-24 01:00:00,MP1 - Mat. prep - automatic sawing (ZGN_01),__export__.mrp_workcenter_63_98a7a00b,44.0,2026-02-06 14:47:10,2026-02-06 14:47:10,Finished,False
,,,,,M5-04 - UMCSS - 5axis  - Manual (UMC750SS),__export__.mrp_workcenter_62_468a38e5,640.0,2026-02-04 16:05:49,2026-03-23 10:50:23,Finished,False
,,,,,M5-06 - UMC400 - 5axis  - Manual (UMC400)_ISSUE!,-,988.0,2026-03-23 10:50:25,2026-03-23 10:50:26,Cancelled,False
,,,,,OUT - Outsourced activity,__export__.mrp_workcenter_68_8bff6631,2250.0,2026-03-18 12:50:02,2026-03-18 12:50:02,Finished,False
,,,,,OUT - Outsourced activity,__export__.mrp_workcenter_68_8bff6631,2250.0,2026-03-23 10:36:35,2026-04-17 13:09:28,Finished,False
,,,,,OUT - Outsourced activity,__export__.mrp_workcenter_68_8bff6631,6750.0,,,To Do,False
,,,,,PACK - Packaging (VERP_P),__export__.mrp_workcenter_67_d1ac8ce6,29.0,,,To Do,False
__export__.mrp_production_5495_6bea93ed,[1207568A] Cable clamp,14912.0,30.0,2026-03-16 09:00:00,M5-03 - UMC1 - 5axis - Manual (UMC750),__export__.mrp_workcenter_61_bcb50df3,660.0,,,To Do,False
,,,,,PACK - Packaging (VERP_P),__export__.mrp_workcenter_67_d1ac8ce6,30.0,,,To Do,False
__export__.mrp_production_5661_117b54ab,[4512-127-05186B] Anschlag,15017.0,850.0,2026-05-13 02:00:00,MP1 - Mat. prep - automatic sawing (ZGN_01),__export__.mrp_workcenter_63_98a7a00b,865.0,2026-03-23 09:45:09,2026-03-23 09:45:49,Finished,False
,,,,,M5-01 - AW - 5axis - Conveyor Automation (FR5_01),__export__.mrp_workcenter_58_a525d5b9,1790.0,,,To Do,False
,,,,,BW - Benchwork (BKW_01),__export__.mrp_workcenter_66_9f807a30,850.0,,,To Do,False
,,,,,PACK - Packaging (VERP_P),__export__.mrp_workcenter_67_d1ac8ce6,850.0,,,To Do,False
__export__.mrp_production_5666_83c93799,[7005-2400-0100] 02200903 encoder scale mount bracket V01-01 / N02200903V01-01,15869.0,56.0,2026-04-20 02:00:00,MP1 - Mat. prep - automatic sawing (ZGN_01),__export__.mrp_workcenter_63_98a7a00b,495.0,2026-03-23 09:48:19,2026-03-23 09:48:19,Finished,False
,,,,,M5-03 - UMC1 - 5axis - Manual (UMC750),__export__.mrp_workcenter_61_bcb50df3,100.0,2026-04-15 11:51:26,2026-04-15 11:51:30,Finished,False
,,,,,M5-03 - UMC1 - 5axis - Manual (UMC750),__export__.mrp_workcenter_61_bcb50df3,68.0,2026-04-15 11:51:34,2026-04-15 11:51:35,Finished,False
,,,,,OUT - Outsourced activity,__export__.mrp_workcenter_68_8bff6631,60.0,,,To Do,False
__export__.mrp_production_5680_ed5f1e28,[4022.622.61481] RH RED GRIPPER TUNGSTEN MASS ,7359.0,24.0,2026-03-30 02:00:00,"MP3 - Mat. prep - pre-cutted, only picking (UITG_M)",__export__.mrp_workcenter_65_c1e1b939,24.0,2000-01-01 00:00:00,2000-01-01 00:00:00,Cancelled,False
,,,,,OUT - Outsourced activity,__export__.mrp_workcenter_68_8bff6631,9000.0,,,To Do,False
__export__.mrp_production_5770_bc7d7b8f,[7005-2580-0017] GP Z-Adjustment Lever V02-01 / 26241001,18142.0,15.0,2026-04-27 02:00:00,MP1 - Mat. prep - automatic sawing (ZGN_01),__export__.mrp_workcenter_63_98a7a00b,30.0,2026-03-23 09:50:13,2026-03-23 09:50:51,Finished,False
,,,,,M5-05 - UMC2 - 5axis  - Manual (UMC750),__export__.mrp_workcenter_83_95c50e96,1785.0,,,To Do,False
,,,,,OUT - Outsourced activity,__export__.mrp_workcenter_68_8bff6631,2250.0,,,To Do,False
__export__.mrp_production_5775_ce67fb3a,[7005-2580-0005] Single Rail V01-00-A (IGUS / WSQ-06S) / NFI / 26224401,16257.0,20.0,2026-04-27 02:00:00,MP2 - Mat. prep - manual sawing (ZGN_02),__export__.mrp_workcenter_64_95992ef5,20.0,2026-04-02 16:31:02,2026-04-02 16:31:02,Finished,False
,,,,,M3-03 - VF - 3axis - Manual (VF2SS),__export__.mrp_workcenter_60_6593b576,180.0,,,To Do,False
__export__.mrp_production_5778_3ba5ef49,[7005-2580-0007] Support block  / 07201506 v02-00 - Drawing in RED,16269.0,12.0,2026-04-13 02:00:00,MP1 - Mat. prep - automatic sawing (ZGN_01),__export__.mrp_workcenter_63_98a7a00b,27.0,2026-03-23 09:45:11,2026-03-23 09:45:58,Finished,False
,,,,,M5-02 - AW - 5axis - Pallet Automation (FR5_02),__export__.mrp_workcenter_59_d6deab7b,1890.0,,,To Do,False
,,,,,M5-03 - UMC1 - 5axis - Manual (UMC750),__export__.mrp_workcenter_61_bcb50df3,456.0,,,To Do,False
__export__.mrp_production_5793_f5c01175,[4022.648.92451] FIB MFM PARKTL FEET BLOCK 1 PX,19144.0,2.0,2026-04-02 02:00:00,MP1 - Mat. prep - automatic sawing (ZGN_01),__export__.mrp_workcenter_63_98a7a00b,17.0,2026-03-23 09:45:15,2026-03-23 09:46:22,Finished,False
,,,,,M5-04 - UMCSS - 5axis  - Manual (UMC750SS),__export__.mrp_workcenter_62_468a38e5,180.0,,,To Do,False
__export__.mrp_production_5794_ae796e75,[4022.648.92461] FIB MFM PARKTL FEET BLOCK 2 PX,19145.0,2.0,2026-04-02 02:00:00,MP1 - Mat. prep - automatic sawing (ZGN_01),__export__.mrp_workcenter_63_98a7a00b,17.0,2026-03-23 09:45:15,2026-03-23 09:46:20,Finished,False
,,,,,M5-04 - UMCSS - 5axis  - Manual (UMC750SS),__export__.mrp_workcenter_62_468a38e5,180.0,,,To Do,False
__export__.mrp_production_5799_ae914a97,[4022.648.92481] FIB MFM TL NX FEET BLOCK 2,19150.0,2.0,2026-04-02 02:00:00,MP1 - Mat. prep - automatic sawing (ZGN_01),__export__.mrp_workcenter_63_98a7a00b,17.0,2026-03-23 09:45:15,2026-03-23 09:46:19,Finished,False
,,,,,M5-04 - UMCSS - 5axis  - Manual (UMC750SS),__export__.mrp_workcenter_62_468a38e5,120.0,,,To Do,False
__export__.mrp_production_5802_60e1ae22,[7005-2580-0014] Backplate V01-00 / NFI / 27244701,17992.0,6.0,2026-04-06 02:00:00,"MP3 - Mat. prep - pre-cutted, only picking (UITG_M)",__export__.mrp_workcenter_65_c1e1b939,6.0,2026-03-23 09:46:48,2026-03-23 09:46:59,Finished,False
,,,,,M3-02 - AW - 3axis - Manual (FR3_02),__export__.mrp_workcenter_55_15609e22,1962.0,,,To Do,False
,,,,,OUT - Outsourced activity,__export__.mrp_workcenter_68_8bff6631,2250.0,,,To Do,False
__export__.mrp_production_5812_86bac601,[BD50-5075-015F] bracket,15030.0,27.0,2026-05-07 02:00:00,MP2 - Mat. prep - manual sawing (ZGN_02),__export__.mrp_workcenter_64_95992ef5,27.0,2026-04-02 16:31:05,2026-04-02 16:31:05,Finished,False
,,,,,M4-01 - AW - 4axis - Conveyor Automation (FR4_01),__export__.mrp_workcenter_56_d6637dea,252.0,2026-04-21 12:09:07,2026-04-21 12:09:09,Finished,False
,,,,,BW - Benchwork (BKW_01),__export__.mrp_workcenter_66_9f807a30,54.0,2026-04-21 12:09:10,2026-04-21 12:09:12,Finished,False
,,,,,PACK - Packaging (VERP_P),__export__.mrp_workcenter_67_d1ac8ce6,27.0,2026-04-21 12:09:13,2026-04-21 12:09:14,Finished,False
,,,,,OUT - Outsourced activity,__export__.mrp_workcenter_68_8bff6631,4500.0,,,To Do,False
,,,,,PACK - Packaging (VERP_P),__export__.mrp_workcenter_67_d1ac8ce6,27.0,,,To Do,False
__export__.mrp_production_5813_a4a87adc,[BD50-5085-013-C] bracket,15034.0,15.0,2026-05-07 02:00:00,MP2 - Mat. prep - manual sawing (ZGN_02),__export__.mrp_workcenter_64_95992ef5,15.0,2026-04-21 12:07:05,2026-04-21 12:07:07,Finished,False
,,,,,M3-01 - AW - 3axis - Manual (FR3_01),__export__.mrp_workcenter_54_3f0243e1,180.0,2026-04-21 12:07:09,2026-04-21 12:07:10,Finished,False
,,,,,BW - Benchwork (BKW_01),__export__.mrp_workcenter_66_9f807a30,30.0,2026-04-21 12:07:11,2026-04-21 12:07:12,Finished,False
,,,,,PACK - Packaging (VERP_P),__export__.mrp_workcenter_67_d1ac8ce6,15.0,2026-04-21 12:07:13,2026-04-21 12:07:15,Finished,False
,,,,,OUT - Outsourced activity,__export__.mrp_workcenter_68_8bff6631,4500.0,,,To Do,False
,,,,,PACK - Packaging (VERP_P),__export__.mrp_workcenter_67_d1ac8ce6,15.0,,,To Do,False
__export__.mrp_production_5814_7c413313,[BD50-5085-011-C] bracket,15033.0,32.0,2026-05-07 02:00:00,MP2 - Mat. prep - manual sawing (ZGN_02),__export__.mrp_workcenter_64_95992ef5,2.0,2026-04-02 16:31:08,2026-04-21 12:04:34,Finished,False
,,,,,M4-01 - AW - 4axis - Conveyor Automation (FR4_01),__export__.mrp_workcenter_56_d6637dea,282.0,2026-04-21 12:04:36,2026-04-21 12:04:40,Finished,False
,,,,,BW - Benchwork (BKW_01),__export__.mrp_workcenter_66_9f807a30,64.0,2026-04-21 12:04:44,2026-04-21 12:04:45,Finished,False
,,,,,PACK - Packaging (VERP_P),__export__.mrp_workcenter_67_d1ac8ce6,32.0,2026-04-21 12:04:46,2026-04-21 12:04:48,Finished,False
,,,,,OUT - Outsourced activity,__export__.mrp_workcenter_68_8bff6631,4500.0,,,To Do,False
,,,,,PACK - Packaging (VERP_P),__export__.mrp_workcenter_67_d1ac8ce6,32.0,,,To Do,False
__export__.mrp_production_5817_4d74da74,[BD50-5085-009-C] bracket,15032.0,27.0,2026-05-07 02:00:00,MP2 - Mat. prep - manual sawing (ZGN_02),__export__.mrp_workcenter_64_95992ef5,27.0,2026-04-02 16:31:14,2026-04-02 16:31:14,Finished,False
,,,,,M4-01 - AW - 4axis - Conveyor Automation (FR4_01),__export__.mrp_workcenter_56_d6637dea,252.0,2026-04-21 12:02:51,2026-04-21 12:02:52,Finished,False
,,,,,BW - Benchwork (BKW_01),__export__.mrp_workcenter_66_9f807a30,54.0,2026-04-21 12:02:54,2026-04-21 12:02:55,Finished,False
,,,,,PACK - Packaging (VERP_P),__export__.mrp_workcenter_67_d1ac8ce6,27.0,2026-04-21 12:02:56,2026-04-21 12:02:58,Finished,False
,,,,,OUT - Outsourced activity,__export__.mrp_workcenter_68_8bff6631,4500.0,,,To Do,False
,,,,,PACK - Packaging (VERP_P),__export__.mrp_workcenter_67_d1ac8ce6,27.0,,,To Do,False
__export__.mrp_production_5822_d253f190,[4512-127-05186B] Anschlag,15017.0,979.0,2026-06-15 02:00:00,MP1 - Mat. prep - automatic sawing (ZGN_01),__export__.mrp_workcenter_63_98a7a00b,994.0,2026-03-23 09:45:11,2026-03-23 09:46:04,Finished,False
,,,,,M5-01 - AW - 5axis - Conveyor Automation (FR5_01),__export__.mrp_workcenter_58_a525d5b9,2048.0,,,To Do,False
,,,,,BW - Benchwork (BKW_01),__export__.mrp_workcenter_66_9f807a30,979.0,,,To Do,False
,,,,,PACK - Packaging (VERP_P),__export__.mrp_workcenter_67_d1ac8ce6,979.0,,,To Do,False
__export__.mrp_production_5850_e0fd2318,[00429-00-249-A] Plint adjust strip,14894.0,424.0,2026-04-02 12:00:00,MP1 - Mat. prep - automatic sawing (ZGN_01),__export__.mrp_workcenter_63_98a7a00b,16.0,2026-03-23 09:45:12,2026-03-23 09:46:05,Finished,False
,,,,,M4-01 - AW - 4axis - Conveyor Automation (FR4_01),__export__.mrp_workcenter_56_d6637dea,96.0,2026-04-17 13:02:53,2026-04-17 13:02:53,Finished,False
,,,,,BW - Benchwork (BKW_01),__export__.mrp_workcenter_66_9f807a30,1.0,2026-04-21 09:13:23,2026-04-21 09:36:59,Finished,False
,,,,,OUT - Outsourced activity,__export__.mrp_workcenter_68_8bff6631,2250.0,,,To Do,False
,,,,,PACK - Packaging (VERP_P),__export__.mrp_workcenter_67_d1ac8ce6,2.0,,,To Do,False
__export__.mrp_production_5851_eb3587d0,[B620261-5] COOLING HOUSE,15026.0,2.0,2026-04-02 12:00:00,"MP3 - Mat. prep - pre-cutted, only picking (UITG_M)",__export__.mrp_workcenter_65_c1e1b939,0.0,2026-03-23 09:52:13,2026-03-23 09:52:18,Finished,False
,,,,,M3-01 - AW - 3axis - Manual (FR3_01),__export__.mrp_workcenter_54_3f0243e1,210.0,,,To Do,False
,,,,,M3-02 - AW - 3axis - Manual (FR3_02),__export__.mrp_workcenter_55_15609e22,1050.0,,,To Do,False
,,,,,BW - Benchwork (BKW_01),__export__.mrp_workcenter_66_9f807a30,180.0,,,To Do,False
,,,,,OUT - Outsourced activity,__export__.mrp_workcenter_68_8bff6631,2250.0,,,To Do,False
,,,,,PACK - Packaging (VERP_P),__export__.mrp_workcenter_67_d1ac8ce6,2.0,,,To Do,False
__export__.mrp_production_5869_871b667c,[7005-2580-0007] Support block  / 07201506 v02-00 - Drawing in RED,16269.0,8.0,2026-05-22 02:00:00,MP1 - Mat. prep - automatic sawing (ZGN_01),__export__.mrp_workcenter_63_98a7a00b,23.0,2026-03-23 09:50:14,2026-03-23 09:51:02,Finished,False
,,,,,M5-02 - AW - 5axis - Pallet Automation (FR5_02),__export__.mrp_workcenter_59_d6deab7b,1290.0,,,To Do,False
,,,,,M5-03 - UMC1 - 5axis - Manual (UMC750),__export__.mrp_workcenter_61_bcb50df3,324.0,,,To Do,False
__export__.mrp_production_5901_3f7c036f,[7005-2480-0070] GRIPP / 105-46612,13982.0,20.0,2026-06-19 02:00:00,MP1 - Mat. prep - automatic sawing (ZGN_01),__export__.mrp_workcenter_63_98a7a00b,35.0,2026-03-23 09:50:15,2026-03-23 09:51:06,Finished,False
,,,,,M5-03 - UMC1 - 5axis - Manual (UMC750),__export__.mrp_workcenter_61_bcb50df3,160.0,,,To Do,False
,,,,,M3-03 - VF - 3axis - Manual (VF2SS),__export__.mrp_workcenter_60_6593b576,440.0,,,To Do,False
,,,,,BW - Benchwork (BKW_01),__export__.mrp_workcenter_66_9f807a30,20.0,,,To Do,False
__export__.mrp_production_5957_b64800cf,[7001-2580-0016] Pusher Protect / FM / FM-02-012-B,17766.0,12.0,2026-05-04 02:00:00,MP1 - Mat. prep - automatic sawing (ZGN_01),__export__.mrp_workcenter_63_98a7a00b,17.0,2026-03-23 09:45:13,2026-03-23 09:46:14,Finished,False
,,,,,M3-03 - VF - 3axis - Manual (VF2SS),__export__.mrp_workcenter_60_6593b576,86.0,,,To Do,False
__export__.mrp_production_5958_ce25fead,[7001-2580-0017] Pusher / FM / FM-02-011-B,17767.0,12.0,2026-05-04 02:00:00,MP1 - Mat. prep - automatic sawing (ZGN_01),__export__.mrp_workcenter_63_98a7a00b,27.0,2026-04-02 15:24:27,2026-04-02 15:24:28,Finished,False
,,,,,M3-03 - VF - 3axis - Manual (VF2SS),__export__.mrp_workcenter_60_6593b576,264.0,,,To Do,False
__export__.mrp_production_5959_f032bf61,[7001-2580-0018] Mountblock / FM / FM-02-013-B,17768.0,60.0,2026-05-04 02:00:00,MP1 - Mat. prep - automatic sawing (ZGN_01),__export__.mrp_workcenter_63_98a7a00b,3615.0,2026-04-02 15:24:36,2026-04-02 15:24:37,Finished,False
,,,,,M5-03 - UMC1 - 5axis - Manual (UMC750),__export__.mrp_workcenter_61_bcb50df3,960.0,,,To Do,False
,,,,,OUT - Outsourced activity,__export__.mrp_workcenter_68_8bff6631,2250.0,,,To Do,False
__export__.mrp_production_5960_b459580d,[7001-2580-0019] Monitor Support / FM / FM-02-046-B,17769.0,24.0,2026-05-04 02:00:00,MP1 - Mat. prep - automatic sawing (ZGN_01),__export__.mrp_workcenter_63_98a7a00b,39.0,2026-04-02 15:24:41,2026-04-02 15:24:43,Finished,False
,,,,,M5-03 - UMC1 - 5axis - Manual (UMC750),__export__.mrp_workcenter_61_bcb50df3,468.0,,,To Do,False
,,,,,OUT - Outsourced activity,__export__.mrp_workcenter_68_8bff6631,2250.0,,,To Do,False
__export__.mrp_production_5961_94d699af,[7001-2580-0020] Monitor Support 2 / FM / FM-02-045-B,17770.0,24.0,2026-05-04 02:00:00,MP1 - Mat. prep - automatic sawing (ZGN_01),__export__.mrp_workcenter_63_98a7a00b,39.0,2026-04-02 15:24:45,2026-04-02 15:24:47,Finished,False
,,,,,M3-03 - VF - 3axis - Manual (VF2SS),__export__.mrp_workcenter_60_6593b576,2172.0,,,To Do,False
,,,,,OUT - Outsourced activity,__export__.mrp_workcenter_68_8bff6631,2250.0,,,To Do,False
__export__.mrp_production_5962_6486115a,[7001-2580-0021] PARKING BLOCK / FM / FM-02-048-B,17771.0,10.0,2026-05-04 02:00:00,"MP3 - Mat. prep - pre-cutted, only picking (UITG_M)",__export__.mrp_workcenter_65_c1e1b939,10.0,2026-03-23 09:46:48,2026-03-23 09:47:03,Finished,False
,,,,,M5-03 - UMC1 - 5axis - Manual (UMC750),__export__.mrp_workcenter_61_bcb50df3,460.0,,,To Do,False
__export__.mrp_production_5963_1e2deec0,[7001-2580-0022] HOLDER CREDIT CARD / FM / FM-02-007-C,17772.0,12.0,2026-05-04 02:00:00,MP1 - Mat. prep - automatic sawing (ZGN_01),__export__.mrp_workcenter_63_98a7a00b,19.0,2026-04-02 15:25:00,2026-04-02 15:25:02,Finished,False
,,,,,M3-03 - VF - 3axis - Manual (VF2SS),__export__.mrp_workcenter_60_6593b576,412.0,,,To Do,False
,,,,,M5-04 - UMCSS - 5axis  - Manual (UMC750SS),__export__.mrp_workcenter_62_468a38e5,808.0,,,To Do,False
,,,,,OUT - Outsourced activity,__export__.mrp_workcenter_68_8bff6631,2250.0,,,To Do,False
__export__.mrp_production_5964_c63bebb1,[7001-2580-0023] TOP PLATE / FM / FM-02-003-C,17773.0,10.0,2026-05-04 02:00:00,"MP3 - Mat. prep - pre-cutted, only picking (UITG_M)",__export__.mrp_workcenter_65_c1e1b939,10.0,2026-03-23 09:52:40,2026-03-23 09:52:43,Finished,False
,,,,,M3-02 - AW - 3axis - Manual (FR3_02),__export__.mrp_workcenter_55_15609e22,740.0,,,To Do,False
,,,,,M3-01 - AW - 3axis - Manual (FR3_01),__export__.mrp_workcenter_54_3f0243e1,1460.0,,,To Do,False
,,,,,OUT - Outsourced activity,__export__.mrp_workcenter_68_8bff6631,2250.0,,,To Do,False
__export__.mrp_production_5965_cc4e8bda,[7001-2580-0024] LIGHT L BRACKET / FM / FM-02-030-B,17774.0,10.0,2026-05-04 02:00:00,"MP3 - Mat. prep - pre-cutted, only picking (UITG_M)",__export__.mrp_workcenter_65_c1e1b939,10.0,2026-03-23 09:52:40,2026-03-23 09:52:44,Finished,False
,,,,,M5-04 - UMCSS - 5axis  - Manual (UMC750SS),__export__.mrp_workcenter_62_468a38e5,1530.0,,,To Do,False
,,,,,OUT - Outsourced activity,__export__.mrp_workcenter_68_8bff6631,2250.0,,,To Do,False
__export__.mrp_production_5966_a6c52579,[7001-2580-0025] Holder Lamp / FM / FM-02-037-B,17775.0,10.0,2026-05-04 02:00:00,MP1 - Mat. prep - automatic sawing (ZGN_01),__export__.mrp_workcenter_63_98a7a00b,25.0,2026-04-02 15:25:16,2026-04-02 15:25:20,Finished,False
,,,,,MP2 - Mat. prep - manual sawing (ZGN_02),__export__.mrp_workcenter_64_95992ef5,10.0,2026-04-02 15:25:21,2026-04-02 15:25:23,Finished,False
,,,,,M5-04 - UMCSS - 5axis  - Manual (UMC750SS),__export__.mrp_workcenter_62_468a38e5,620.0,2026-04-15 13:12:39,2026-04-15 13:12:41,Finished,False
,,,,,OUT - Outsourced activity,__export__.mrp_workcenter_68_8bff6631,2250.0,,,To Do,False
__export__.mrp_production_5967_b9280095,[7001-2580-0026] Holder Fresnell / FM / FM-02-035-B,17776.0,10.0,2026-05-04 02:00:00,MP1 - Mat. prep - automatic sawing (ZGN_01),__export__.mrp_workcenter_63_98a7a00b,25.0,2026-04-02 15:25:31,2026-04-02 15:25:33,Finished,False
,,,,,MP2 - Mat. prep - manual sawing (ZGN_02),__export__.mrp_workcenter_64_95992ef5,10.0,2026-04-02 15:25:34,2026-04-02 15:25:35,Finished,False
,,,,,M5-05 - UMC2 - 5axis  - Manual (UMC750),__export__.mrp_workcenter_83_95c50e96,730.0,2026-04-15 13:17:00,2026-04-15 13:17:02,Finished,False
,,,,,OUT - Outsourced activity,__export__.mrp_workcenter_68_8bff6631,2250.0,,,To Do,False
__export__.mrp_production_5968_5f06fe03,[7001-2580-0027] Holder Iris / FM / FM-02-036-B,17777.0,10.0,2026-05-04 02:00:00,MP1 - Mat. prep - automatic sawing (ZGN_01),__export__.mrp_workcenter_63_98a7a00b,25.0,2026-04-02 15:25:41,2026-04-02 15:25:43,Finished,False
,,,,,M5-04 - UMCSS - 5axis  - Manual (UMC750SS),__export__.mrp_workcenter_62_468a38e5,550.0,2026-04-15 13:13:01,2026-04-15 13:13:03,Finished,False
,,,,,OUT - Outsourced activity,__export__.mrp_workcenter_68_8bff6631,2250.0,,,To Do,False
__export__.mrp_production_5969_6dfec934,[7001-2580-0028] Optics Mount / FM / FM-02-038-B,17778.0,20.0,2026-05-04 02:00:00,MP1 - Mat. prep - automatic sawing (ZGN_01),__export__.mrp_workcenter_63_98a7a00b,35.0,2026-04-02 15:25:50,2026-04-02 15:25:51,Finished,False
,,,,,M5-03 - UMC1 - 5axis - Manual (UMC750),__export__.mrp_workcenter_61_bcb50df3,1400.0,2026-04-15 13:13:19,2026-04-15 13:13:20,Finished,False
,,,,,OUT - Outsourced activity,__export__.mrp_workcenter_68_8bff6631,2250.0,,,To Do,False
__export__.mrp_production_5970_ae2421b9,[7001-2580-0029] Mirror Holder / FM / FM-02-033-B,17779.0,20.0,2026-05-04 02:00:00,MP1 - Mat. prep - automatic sawing (ZGN_01),__export__.mrp_workcenter_63_98a7a00b,35.0,2026-04-02 15:25:55,2026-04-02 15:25:56,Finished,False
,,,,,M5-05 - UMC2 - 5axis  - Manual (UMC750),__export__.mrp_workcenter_83_95c50e96,980.0,2026-04-15 13:13:38,2026-04-15 13:13:39,Finished,False
,,,,,OUT - Outsourced activity,__export__.mrp_workcenter_68_8bff6631,2250.0,,,To Do,False
__export__.mrp_production_5971_d207f1af,[7001-2580-0030] Lens Fix / FM / FM-02-009-B,17780.0,20.0,2026-05-04 02:00:00,MP1 - Mat. prep - automatic sawing (ZGN_01),__export__.mrp_workcenter_63_98a7a00b,35.0,2026-04-02 15:26:00,2026-04-02 15:26:01,Finished,False
,,,,,M5-03 - UMC1 - 5axis - Manual (UMC750),__export__.mrp_workcenter_61_bcb50df3,600.0,,,To Do,False
,,,,,OUT - Outsourced activity,__export__.mrp_workcenter_68_8bff6631,2250.0,,,To Do,False
__export__.mrp_production_5972_394722b8,[7001-2580-0031] Lens Mechanism 2 / FM / FM-02-004-B,17781.0,10.0,2026-05-04 02:00:00,"MP3 - Mat. prep - pre-cutted, only picking (UITG_M)",__export__.mrp_workcenter_65_c1e1b939,10.0,2026-03-23 09:52:41,2026-03-23 09:52:46,Finished,False
,,,,,M5-04 - UMCSS - 5axis  - Manual (UMC750SS),__export__.mrp_workcenter_62_468a38e5,910.0,,,To Do,False
,,,,,OUT - Outsourced activity,__export__.mrp_workcenter_68_8bff6631,2250.0,,,To Do,False
__export__.mrp_production_5973_16542a9e,[7001-2580-0032] Lens Support / FM / FM-02-042-B,17782.0,10.0,2026-05-04 02:00:00,MP1 - Mat. prep - automatic sawing (ZGN_01),__export__.mrp_workcenter_63_98a7a00b,25.0,2026-03-23 09:45:14,2026-03-23 09:46:15,Finished,False
,,,,,MP2 - Mat. prep - manual sawing (ZGN_02),__export__.mrp_workcenter_64_95992ef5,10.0,2026-04-02 15:26:11,2026-04-02 15:26:13,Finished,False
,,,,,M5-05 - UMC2 - 5axis  - Manual (UMC750),__export__.mrp_workcenter_83_95c50e96,440.0,2026-04-15 13:16:48,2026-04-15 13:16:49,Finished,False
,,,,,OUT - Outsourced activity,__export__.mrp_workcenter_68_8bff6631,2250.0,,,To Do,False
__export__.mrp_production_5974_6991d0d9,[7001-2580-0033] Detector Mount / FM / FM-02-044-B,17783.0,10.0,2026-05-04 02:00:00,MP1 - Mat. prep - automatic sawing (ZGN_01),__export__.mrp_workcenter_63_98a7a00b,25.0,2026-04-02 15:26:16,2026-04-02 15:26:18,Finished,False
,,,,,M5-03 - UMC1 - 5axis - Manual (UMC750),__export__.mrp_workcenter_61_bcb50df3,260.0,,,To Do,False
,,,,,M5-03 - UMC1 - 5axis - Manual (UMC750),__export__.mrp_workcenter_61_bcb50df3,340.0,,,To Do,False
,,,,,OUT - Outsourced activity,__export__.mrp_workcenter_68_8bff6631,2250.0,,,To Do,False
__export__.mrp_production_5975_f18ff1af,[7001-2580-0034] Base / FM / FM-02-018-B,17784.0,10.0,2026-05-04 02:00:00,MP1 - Mat. prep - automatic sawing (ZGN_01),__export__.mrp_workcenter_63_98a7a00b,25.0,2026-04-02 15:26:22,2026-04-02 15:26:23,Finished,False
,,,,,M5-04 - UMCSS - 5axis  - Manual (UMC750SS),__export__.mrp_workcenter_62_468a38e5,340.0,,,To Do,False
,,,,,OUT - Outsourced activity,__export__.mrp_workcenter_68_8bff6631,2250.0,,,To Do,False
__export__.mrp_production_5976_40901ffc,[7001-2580-0035] SA Housing / FM / FM-02-017-B,17785.0,10.0,2026-05-04 02:00:00,MP1 - Mat. prep - automatic sawing (ZGN_01),__export__.mrp_workcenter_63_98a7a00b,25.0,2026-04-02 15:26:28,2026-04-02 15:26:30,Finished,False
,,,,,M5-04 - UMCSS - 5axis  - Manual (UMC750SS),__export__.mrp_workcenter_62_468a38e5,590.0,2026-04-17 11:56:49,2026-04-17 11:56:51,Finished,False
,,,,,OUT - Outsourced activity,__export__.mrp_workcenter_68_8bff6631,2250.0,,,To Do,False
__export__.mrp_production_5977_2e3e07da,[7001-2580-0036] LS Actuator Arm / FM / FM-02-029-B,17786.0,10.0,2026-05-04 02:00:00,MP1 - Mat. prep - automatic sawing (ZGN_01),__export__.mrp_workcenter_63_98a7a00b,25.0,2026-04-02 15:26:35,2026-04-02 15:26:36,Finished,False
,,,,,M5-05 - UMC2 - 5axis  - Manual (UMC750),__export__.mrp_workcenter_83_95c50e96,320.0,2026-04-17 11:57:07,2026-04-17 11:57:09,Finished,False
,,,,,OUT - Outsourced activity,__export__.mrp_workcenter_68_8bff6631,2250.0,,,To Do,False
__export__.mrp_production_5978_fa57ba3b,[7001-2580-0037] SA Lens Mount / FM / FM-02-020-B,17787.0,12.0,2026-05-04 02:00:00,MP1 - Mat. prep - automatic sawing (ZGN_01),__export__.mrp_workcenter_63_98a7a00b,19.0,2026-04-02 15:26:40,2026-04-02 15:26:41,Finished,False
,,,,,M3-03 - VF - 3axis - Manual (VF2SS),__export__.mrp_workcenter_60_6593b576,468.0,,,To Do,False
,,,,,OUT - Outsourced activity,__export__.mrp_workcenter_68_8bff6631,2250.0,,,To Do,False
__export__.mrp_production_5979_70dde6de,[7001-2580-0038] Swing / FM / FM-02-019-B,17788.0,10.0,2026-05-04 02:00:00,MP1 - Mat. prep - automatic sawing (ZGN_01),__export__.mrp_workcenter_63_98a7a00b,25.0,2026-04-02 15:26:45,2026-04-02 15:26:46,Finished,False
,,,,,M5-04 - UMCSS - 5axis  - Manual (UMC750SS),__export__.mrp_workcenter_62_468a38e5,340.0,,,To Do,False
,,,,,OUT - Outsourced activity,__export__.mrp_workcenter_68_8bff6631,2250.0,,,To Do,False
__export__.mrp_production_5980_7c410dbf,[7001-2580-0039] Lens Shim / FM / FM-02-061-B,17789.0,30.0,2026-03-24 01:00:00,MP1 - Mat. prep - automatic sawing (ZGN_01),__export__.mrp_workcenter_63_98a7a00b,19.0,2026-03-23 09:45:14,2026-03-23 09:46:16,Finished,False
,,,,,M3-03 - VF - 3axis - Manual (VF2SS),__export__.mrp_workcenter_60_6593b576,72.0,2026-03-27 14:41:14,2026-03-27 14:41:16,Finished,False
__export__.mrp_production_5983_dcf32b91,[7001-2540-0009] Mirror Holder V2 / FM-02-034 ,17904.0,10.0,2026-05-04 02:00:00,MP1 - Mat. prep - automatic sawing (ZGN_01),__export__.mrp_workcenter_63_98a7a00b,25.0,2026-04-02 15:28:17,2026-04-02 15:28:18,Finished,False
,,,,,M5-03 - UMC1 - 5axis - Manual (UMC750),__export__.mrp_workcenter_61_bcb50df3,480.0,,,To Do,False
,,,,,OUT - Outsourced activity,__export__.mrp_workcenter_68_8bff6631,2250.0,,,To Do,False
__export__.mrp_production_6008_501a9ae7,[7017-2600-0006] VTPQ CSR 2 TARGET IF / JPE / P183559A,19235.0,2.0,2026-04-13 02:00:00,M3-01 - AW - 3axis - Manual (FR3_01),__export__.mrp_workcenter_54_3f0243e1,150.0,,,To Do,False
,,,,,M3-01 - AW - 3axis - Manual (FR3_01),__export__.mrp_workcenter_54_3f0243e1,150.0,,,To Do,False
,,,,,MP1 - Mat. prep - automatic sawing (ZGN_01),__export__.mrp_workcenter_63_98a7a00b,16.0,,,To Do,False
__export__.mrp_production_6016_1de5774c,[4022.704.19302] RH RED STATIC STRAIN RELIEF A,6974.0,75.0,2026-04-03 02:00:00,MP1 - Mat. prep - automatic sawing (ZGN_01),__export__.mrp_workcenter_63_98a7a00b,90.0,2026-03-23 09:45:16,2026-03-23 09:46:23,Finished,False
,,,,,M5-06 - UMC400 - 5axis  - Manual (UMC400)_ISSUE!,-,1635.0,2026-04-15 11:07:19,2026-04-17 13:09:01,Cancelled,False
,,,,,M5-06 - UMC400 - 5axis  - Manual (UMC400)_ISSUE!,-,210.0,2026-04-17 13:09:09,2026-04-17 13:09:09,Cancelled,False
,,,,,OUT - Outsourced activity,__export__.mrp_workcenter_68_8bff6631,4500.0,,,To Do,False
,,,,,PACK - Packaging (VERP_P),__export__.mrp_workcenter_67_d1ac8ce6,75.0,,,To Do,False
__export__.mrp_production_6017_db3c6cdd,[4022.704.19332] RH RED STATIC STRAIN RELIEF B ,7365.0,75.0,2026-04-03 02:00:00,MP1 - Mat. prep - automatic sawing (ZGN_01),__export__.mrp_workcenter_63_98a7a00b,90.0,2026-03-23 09:45:16,2026-03-23 09:46:24,Finished,False
,,,,,M5-06 - UMC400 - 5axis  - Manual (UMC400)_ISSUE!,-,1860.0,,,Cancelled,False
,,,,,OUT - Outsourced activity,__export__.mrp_workcenter_68_8bff6631,4500.0,,,To Do,False
,,,,,PACK - Packaging (VERP_P),__export__.mrp_workcenter_67_d1ac8ce6,75.0,,,To Do,False
__export__.mrp_production_6020_2cead996,[4598-008-08901B POS 1] CEILING INLET*,15022.0,80.0,2026-03-19 10:00:00,M3-02 - AW - 3axis - Manual (FR3_02),__export__.mrp_workcenter_55_15609e22,410.0,2026-03-23 10:50:40,2026-03-23 10:50:42,Finished,False
,,,,,MP1 - Mat. prep - automatic sawing (ZGN_01),__export__.mrp_workcenter_63_98a7a00b,95.0,2000-01-01 00:00:00,2000-01-01 00:00:00,Cancelled,False
,,,,,M4-02 - AW - 4axis - Conveyor Automation (FR4_02),__export__.mrp_workcenter_57_6faf5319,2090.0,2000-01-01 00:00:00,2000-01-01 00:00:00,Cancelled,False
,,,,,BW - Benchwork (BKW_01),__export__.mrp_workcenter_66_9f807a30,240.0,,,To Do,False
,,,,,OUT - Outsourced activity,__export__.mrp_workcenter_68_8bff6631,9000.0,,,To Do,False
,,,,,PACK - Packaging (VERP_P),__export__.mrp_workcenter_67_d1ac8ce6,80.0,,,To Do,False
__export__.mrp_production_6021_b002acfc,[4022.684.32031] RH RED DYNAMIC STRAIN RELIEF A,6965.0,38.0,2026-03-18 09:51:59,MP1 - Mat. prep - automatic sawing (ZGN_01),__export__.mrp_workcenter_63_98a7a00b,53.0,2026-03-23 09:45:16,2026-03-23 09:46:25,Finished,False
,,,,,M5-06 - UMC400 - 5axis  - Manual (UMC400)_ISSUE!,-,1390.0,,,Cancelled,False
,,,,,OUT - Outsourced activity,__export__.mrp_workcenter_68_8bff6631,4500.0,,,To Do,False
,,,,,PACK - Packaging (VERP_P),__export__.mrp_workcenter_67_d1ac8ce6,38.0,,,To Do,False
__export__.mrp_production_6045_ace1c669,[7005-2580-0017] GP Z-Adjustment Lever V02-01 / 26241001,18142.0,15.0,2026-06-22 02:00:00,MP1 - Mat. prep - automatic sawing (ZGN_01),__export__.mrp_workcenter_63_98a7a00b,30.0,2026-04-02 15:30:55,2026-04-02 15:30:56,Finished,False
,,,,,M5-03 - UMC1 - 5axis - Manual (UMC750),__export__.mrp_workcenter_61_bcb50df3,1785.0,,,To Do,False
,,,,,OUT - Outsourced activity,__export__.mrp_workcenter_68_8bff6631,2250.0,,,To Do,False
__export__.mrp_production_6050_c6e1bf21,[7005-2580-0005] Single Rail V01-00-A (IGUS / WSQ-06S) / NFI / 26224401,16257.0,20.0,2026-06-22 02:00:00,MP2 - Mat. prep - manual sawing (ZGN_02),__export__.mrp_workcenter_64_95992ef5,2.0,2026-04-02 15:31:04,2026-04-02 15:31:05,Finished,False
,,,,,M3-03 - VF - 3axis - Manual (VF2SS),__export__.mrp_workcenter_60_6593b576,72.0,,,To Do,False
__export__.mrp_production_6052_27860231,[4022-656-73531] Pipe clamp exhaust FW 1980,14976.0,90.0,2026-05-06 12:00:00,MP1 - Mat. prep - automatic sawing (ZGN_01),__export__.mrp_workcenter_63_98a7a00b,105.0,2026-04-10 11:44:54,2026-04-10 11:44:54,Finished,False
,,,,,M5-03 - UMC1 - 5axis - Manual (UMC750),__export__.mrp_workcenter_61_bcb50df3,420.0,,,To Do,False
,,,,,BW - Benchwork (BKW_01),__export__.mrp_workcenter_66_9f807a30,180.0,,,To Do,False
,,,,,PACK - Packaging (VERP_P),__export__.mrp_workcenter_67_d1ac8ce6,90.0,,,To Do,False
__export__.mrp_production_6053_82316f6e,[4022-673-67281] Serv Mech Hinge Bracket Low,14990.0,21.0,2026-05-07 12:00:00,MP1 - Mat. prep - automatic sawing (ZGN_01),__export__.mrp_workcenter_63_98a7a00b,36.0,2026-04-02 15:21:03,2026-04-02 15:21:03,Finished,False
,,,,,M3-01 - AW - 3axis - Manual (FR3_01),__export__.mrp_workcenter_54_3f0243e1,2610.0,2026-04-17 13:08:07,2026-04-17 13:08:07,Finished,False
,,,,,M5-01 - AW - 5axis - Conveyor Automation (FR5_01),__export__.mrp_workcenter_58_a525d5b9,90.0,,,To Do,False
,,,,,M5-02 - AW - 5axis - Pallet Automation (FR5_02),__export__.mrp_workcenter_59_d6deab7b,90.0,,,To Do,False
,,,,,BW - Benchwork (BKW_01),__export__.mrp_workcenter_66_9f807a30,21.0,,,To Do,False
,,,,,OUT - Outsourced activity,__export__.mrp_workcenter_68_8bff6631,4500.0,,,To Do,False
,,,,,PACK - Packaging (VERP_P),__export__.mrp_workcenter_67_d1ac8ce6,21.0,,,To Do,False
__export__.mrp_production_6054_b2203ba4,[4022-637-32081] IH SERVE MECH HINGE BRACKET,14967.0,20.0,2026-04-14 12:00:00,"MP3 - Mat. prep - pre-cutted, only picking (UITG_M)",__export__.mrp_workcenter_65_c1e1b939,0.0,,,To Do,False
,,,,,M3-01 - AW - 3axis - Manual (FR3_01),__export__.mrp_workcenter_54_3f0243e1,250.0,,,To Do,False
,,,,,PACK - Packaging (VERP_P),__export__.mrp_workcenter_67_d1ac8ce6,20.0,,,To Do,False
__export__.mrp_production_6056_6257d170,[4022.704.19282] RH RED GRIPPER BODY,14210.0,20.0,2026-04-30 02:00:00,"MP3 - Mat. prep - pre-cutted, only picking (UITG_M)",__export__.mrp_workcenter_65_c1e1b939,20.0,2026-03-27 13:03:54,2026-03-27 13:03:54,Finished,False
,,,,,M5-06 - UMC400 - 5axis  - Manual (UMC400)_ISSUE!,-,1260.0,2026-03-27 14:48:18,2026-03-27 14:48:18,Cancelled,False
,,,,,M5-05 - UMC2 - 5axis  - Manual (UMC750),__export__.mrp_workcenter_83_95c50e96,9660.0,,,To Do,False
,,,,,M5-06 - UMC400 - 5axis  - Manual (UMC400)_ISSUE!,-,1260.0,,,Cancelled,False
,,,,,OUT - Outsourced activity,__export__.mrp_workcenter_68_8bff6631,2250.0,,,To Do,False
__export__.mrp_production_6060_f6e02d38,[50224615] MAFM_T_DB Base V03-00,19289.0,3.0,2026-04-15 02:00:00,MP1 - Mat. prep - automatic sawing (ZGN_01),__export__.mrp_workcenter_63_98a7a00b,18.0,2026-04-17 13:01:51,2026-04-17 13:01:51,Finished,False
,,,,,M5-01 - AW - 5axis - Conveyor Automation (FR5_01),__export__.mrp_workcenter_58_a525d5b9,270.0,,,To Do,False
,,,,,M3-01 - AW - 3axis - Manual (FR3_01),__export__.mrp_workcenter_54_3f0243e1,270.0,,,To Do,False
,,,,,OUT - Outsourced activity,__export__.mrp_workcenter_68_8bff6631,2250.0,,,To Do,False
__export__.mrp_production_6061_7d09e5b9,[50224506] MAFM_T_DB Spacer V00-00,19290.0,3.0,2026-04-15 02:00:00,MP1 - Mat. prep - automatic sawing (ZGN_01),__export__.mrp_workcenter_63_98a7a00b,18.0,2026-04-17 13:01:48,2026-04-17 13:01:48,Finished,False
,,,,,M5-01 - AW - 5axis - Conveyor Automation (FR5_01),__export__.mrp_workcenter_58_a525d5b9,270.0,,,To Do,False
,,,,,OUT - Outsourced activity,__export__.mrp_workcenter_68_8bff6631,2250.0,,,To Do,False
__export__.mrp_production_6062_975aaffb,[50224700] Top block spacer V00-00,19291.0,3.0,2026-04-15 02:00:00,MP1 - Mat. prep - automatic sawing (ZGN_01),__export__.mrp_workcenter_63_98a7a00b,18.0,2026-04-17 13:01:44,2026-04-17 13:01:44,Finished,False
,,,,,OUT - Outsourced activity,__export__.mrp_workcenter_68_8bff6631,2250.0,,,To Do,False
,,,,,M5-01 - AW - 5axis - Conveyor Automation (FR5_01),__export__.mrp_workcenter_58_a525d5b9,270.0,,,To Do,False
__export__.mrp_production_6063_f2136fb6,[50224606] Housing V00-00,19292.0,6.0,2026-04-15 02:00:00,MP1 - Mat. prep - automatic sawing (ZGN_01),__export__.mrp_workcenter_63_98a7a00b,21.0,2026-04-17 13:01:40,2026-04-17 13:01:40,Finished,False
,,,,,M5-01 - AW - 5axis - Conveyor Automation (FR5_01),__export__.mrp_workcenter_58_a525d5b9,450.0,,,To Do,False
,,,,,OUT - Outsourced activity,__export__.mrp_workcenter_68_8bff6631,2250.0,,,To Do,False
__export__.mrp_production_6064_bcabe145,[50224501] Housing V00-00,19293.0,3.0,2026-04-15 02:00:00,MP1 - Mat. prep - automatic sawing (ZGN_01),__export__.mrp_workcenter_63_98a7a00b,18.0,2026-04-17 13:01:37,2026-04-17 13:01:37,Finished,False
,,,,,M5-01 - AW - 5axis - Conveyor Automation (FR5_01),__export__.mrp_workcenter_58_a525d5b9,270.0,,,To Do,False
,,,,,OUT - Outsourced activity,__export__.mrp_workcenter_68_8bff6631,2250.0,,,To Do,False
__export__.mrp_production_6065_50f85472,[50224605] Housing V00-00,19294.0,3.0,2026-04-15 02:00:00,MP1 - Mat. prep - automatic sawing (ZGN_01),__export__.mrp_workcenter_63_98a7a00b,18.0,2026-04-17 13:01:34,2026-04-17 13:01:34,Finished,False
,,,,,M5-01 - AW - 5axis - Conveyor Automation (FR5_01),__export__.mrp_workcenter_58_a525d5b9,270.0,,,To Do,False
,,,,,OUT - Outsourced activity,__export__.mrp_workcenter_68_8bff6631,2250.0,,,To Do,False
__export__.mrp_production_6066_cbedb4a4,[50224602] Housing V01-0,19295.0,6.0,2026-04-15 02:00:00,MP1 - Mat. prep - automatic sawing (ZGN_01),__export__.mrp_workcenter_63_98a7a00b,21.0,2026-04-17 13:01:31,2026-04-17 13:01:31,Finished,False
,,,,,M5-01 - AW - 5axis - Conveyor Automation (FR5_01),__export__.mrp_workcenter_58_a525d5b9,450.0,,,To Do,False
,,,,,OUT - Outsourced activity,__export__.mrp_workcenter_68_8bff6631,2250.0,,,To Do,False
__export__.mrp_production_6090_9a0dc3dd,[7305419] 26243902 Mounting Base V02-00.STEP,16513.0,5.0,2026-05-06 02:00:00,MP1 - Mat. prep - automatic sawing (ZGN_01),__export__.mrp_workcenter_63_98a7a00b,20.0,2026-04-02 15:32:22,2026-04-02 15:32:24,Finished,False
,,,,,M5-03 - UMC1 - 5axis - Manual (UMC750),__export__.mrp_workcenter_61_bcb50df3,260.0,,,To Do,False
,,,,,M3-03 - VF - 3axis - Manual (VF2SS),__export__.mrp_workcenter_60_6593b576,370.0,,,To Do,False
__export__.mrp_production_6091_0e1b5165,[7306642] 26250610 Cleaning Bar V01-01.STEP,16514.0,12.0,2026-05-06 02:00:00,"MP3 - Mat. prep - pre-cutted, only picking (UITG_M)",__export__.mrp_workcenter_65_c1e1b939,4.0,2026-04-02 15:32:31,2026-04-02 15:32:47,Finished,False
,,,,,M3-01 - AW - 3axis - Manual (FR3_01),__export__.mrp_workcenter_54_3f0243e1,606.0,,,To Do,False
__export__.mrp_production_6094_9d777ea1,[08200614] Chuck tool plate V01-01,17748.0,5.0,2026-05-06 02:00:00,"MP3 - Mat. prep - pre-cutted, only picking (UITG_M)",__export__.mrp_workcenter_65_c1e1b939,5.0,2026-04-02 15:33:00,2026-04-02 15:33:03,Finished,False
,,,,,M5-03 - UMC1 - 5axis - Manual (UMC750),__export__.mrp_workcenter_61_bcb50df3,655.0,,,To Do,False
__export__.mrp_production_6095_bea3cc35,[7320299] 22203902 WSS positioning helper v01-01.STEP,17229.0,5.0,2026-05-06 02:00:00,"MP3 - Mat. prep - pre-cutted, only picking (UITG_M)",__export__.mrp_workcenter_65_c1e1b939,5.0,2026-04-02 15:33:09,2026-04-02 15:33:10,Finished,False
,,,,,M5-03 - UMC1 - 5axis - Manual (UMC750),__export__.mrp_workcenter_61_bcb50df3,265.0,,,To Do,False
__export__.mrp_production_6096_707cd3b1,[7321951] 22203903 WSS positioning helper 2 v01-01.STEP,17230.0,5.0,2026-05-06 02:00:00,"MP3 - Mat. prep - pre-cutted, only picking (UITG_M)",__export__.mrp_workcenter_65_c1e1b939,5.0,2026-04-02 15:33:13,2026-04-02 15:33:14,Finished,False
,,,,,M5-03 - UMC1 - 5axis - Manual (UMC750),__export__.mrp_workcenter_61_bcb50df3,340.0,,,To Do,False
__export__.mrp_production_6097_28a7fa95,[7322837] 22204101 Chuck to WSS installation side end stop 1 v01-01.STEP,17231.0,5.0,2026-05-06 02:00:00,MP1 - Mat. prep - automatic sawing (ZGN_01),__export__.mrp_workcenter_63_98a7a00b,20.0,2026-04-02 15:33:19,2026-04-02 15:33:21,Finished,False
,,,,,M5-03 - UMC1 - 5axis - Manual (UMC750),__export__.mrp_workcenter_61_bcb50df3,215.0,,,To Do,False
,,,,,OUT - Outsourced activity,__export__.mrp_workcenter_68_8bff6631,2250.0,,,To Do,False
__export__.mrp_production_6098_6ee49b63,[7323523] 22204005 Chuck to WSS installation guide 2 v01-01.STEP,17232.0,8.0,2026-05-06 02:00:00,MP1 - Mat. prep - automatic sawing (ZGN_01),__export__.mrp_workcenter_63_98a7a00b,17.0,2026-04-02 15:33:24,2026-04-02 15:33:25,Finished,False
,,,,,M3-03 - VF - 3axis - Manual (VF2SS),__export__.mrp_workcenter_60_6593b576,298.0,,,To Do,False
,,,,,OUT - Outsourced activity,__export__.mrp_workcenter_68_8bff6631,2250.0,,,To Do,False
__export__.mrp_production_6099_ae15df1b,[7324140] 22204004 Chuck to WSS installation guide 1 v01-01.STEP,17233.0,8.0,2026-05-06 02:00:00,MP1 - Mat. prep - automatic sawing (ZGN_01),__export__.mrp_workcenter_63_98a7a00b,17.0,2026-04-02 15:33:30,2026-04-02 15:33:32,Finished,False
,,,,,M3-03 - VF - 3axis - Manual (VF2SS),__export__.mrp_workcenter_60_6593b576,302.0,,,To Do,False
,,,,,OUT - Outsourced activity,__export__.mrp_workcenter_68_8bff6631,2250.0,,,To Do,False
__export__.mrp_production_6100_74eae82a,[7325878] 22204201 Chuck to WSS installation side end stop 2 v01-01.STEP,17234.0,5.0,2026-05-06 02:00:00,MP1 - Mat. prep - automatic sawing (ZGN_01),__export__.mrp_workcenter_63_98a7a00b,20.0,2026-04-02 15:33:36,2026-04-02 15:33:37,Finished,False
,,,,,M5-03 - UMC1 - 5axis - Manual (UMC750),__export__.mrp_workcenter_61_bcb50df3,240.0,,,To Do,False
,,,,,OUT - Outsourced activity,__export__.mrp_workcenter_68_8bff6631,2250.0,,,To Do,False
__export__.mrp_production_6101_1eab1499,[7326975] 22204203 Chuck to WSS installation side end stop 3 v01-01.STEP,17235.0,5.0,2026-05-06 02:00:00,MP1 - Mat. prep - automatic sawing (ZGN_01),__export__.mrp_workcenter_63_98a7a00b,20.0,2026-04-10 11:44:58,2026-04-10 11:44:58,Finished,False
,,,,,M5-03 - UMC1 - 5axis - Manual (UMC750),__export__.mrp_workcenter_61_bcb50df3,250.0,,,To Do,False
,,,,,OUT - Outsourced activity,__export__.mrp_workcenter_68_8bff6631,2250.0,,,To Do,False
__export__.mrp_production_6102_e06b2dd9,[22203901]  WSS alignment tool base V02-01 / NFI,18304.0,5.0,2026-05-06 02:00:00,"MP3 - Mat. prep - pre-cutted, only picking (UITG_M)",__export__.mrp_workcenter_65_c1e1b939,5.0,2026-04-17 13:02:12,2026-04-17 13:02:12,Finished,False
,,,,,M3-03 - VF - 3axis - Manual (VF2SS),__export__.mrp_workcenter_60_6593b576,1735.0,,,To Do,False
,,,,,M5-03 - UMC1 - 5axis - Manual (UMC750),__export__.mrp_workcenter_61_bcb50df3,1120.0,,,To Do,False
__export__.mrp_production_6103_885b696d,[7317649] 22204304 Plunger Stand 1 V01-01.STEP,17236.0,5.0,2026-05-06 02:00:00,MP1 - Mat. prep - automatic sawing (ZGN_01),__export__.mrp_workcenter_63_98a7a00b,20.0,2026-04-02 15:34:38,2026-04-02 15:34:39,Finished,False
,,,,,M5-03 - UMC1 - 5axis - Manual (UMC750),__export__.mrp_workcenter_61_bcb50df3,230.0,,,To Do,False
,,,,,OUT - Outsourced activity,__export__.mrp_workcenter_68_8bff6631,2250.0,,,To Do,False
__export__.mrp_production_6104_24e5226c,[7318302] 22204306 Plunger Stand 2 V01-01.STEP,17237.0,5.0,2026-05-06 02:00:00,MP1 - Mat. prep - automatic sawing (ZGN_01),__export__.mrp_workcenter_63_98a7a00b,20.0,2026-04-02 15:34:45,2026-04-02 15:34:47,Finished,False
,,,,,M5-03 - UMC1 - 5axis - Manual (UMC750),__export__.mrp_workcenter_61_bcb50df3,230.0,,,To Do,False
,,,,,OUT - Outsourced activity,__export__.mrp_workcenter_68_8bff6631,2250.0,,,To Do,False
__export__.mrp_production_6105_9171430e,[7319962] 22204308 Plunger Stand 3 V01-01.STEP,17238.0,5.0,2026-05-06 02:00:00,MP1 - Mat. prep - automatic sawing (ZGN_01),__export__.mrp_workcenter_63_98a7a00b,20.0,2026-04-02 15:34:51,2026-04-02 15:34:53,Finished,False
,,,,,M5-03 - UMC1 - 5axis - Manual (UMC750),__export__.mrp_workcenter_61_bcb50df3,230.0,,,To Do,False
,,,,,OUT - Outsourced activity,__export__.mrp_workcenter_68_8bff6631,2250.0,,,To Do,False
__export__.mrp_production_6106_10e912ef,[22212103] Base plate V02-00-B / NFI,17186.0,5.0,2026-05-06 02:00:00,MP1 - Mat. prep - automatic sawing (ZGN_01),__export__.mrp_workcenter_63_98a7a00b,20.0,2026-04-02 15:35:06,2026-04-02 15:35:07,Finished,False
,,,,,M5-03 - UMC1 - 5axis - Manual (UMC750),__export__.mrp_workcenter_61_bcb50df3,490.0,,,To Do,False
__export__.mrp_production_6107_46ff3b0e,[22212107]  Hinge to base plate V02-01-B / NFI,17188.0,5.0,2026-05-06 02:00:00,MP1 - Mat. prep - automatic sawing (ZGN_01),__export__.mrp_workcenter_63_98a7a00b,20.0,2026-04-02 15:35:11,2026-04-02 15:35:12,Finished,False
,,,,,M5-03 - UMC1 - 5axis - Manual (UMC750),__export__.mrp_workcenter_61_bcb50df3,120.0,,,To Do,False
__export__.mrp_production_6108_0f4fe190,[22212106] Guage holder V03-00-B / NFI,17187.0,5.0,2026-05-06 02:00:00,MP1 - Mat. prep - automatic sawing (ZGN_01),__export__.mrp_workcenter_63_98a7a00b,20.0,2026-04-02 15:35:16,2026-04-02 15:35:18,Finished,False
,,,,,M5-03 - UMC1 - 5axis - Manual (UMC750),__export__.mrp_workcenter_61_bcb50df3,500.0,,,To Do,False
__export__.mrp_production_6109_43a165d0,[22212117] Balancing mass V01-00-B / NFI,17189.0,5.0,2026-05-06 02:00:00,MP1 - Mat. prep - automatic sawing (ZGN_01),__export__.mrp_workcenter_63_98a7a00b,315.0,2026-04-10 11:44:47,2026-04-10 11:44:47,Finished,False
,,,,,M5-03 - UMC1 - 5axis - Manual (UMC750),__export__.mrp_workcenter_61_bcb50df3,195.0,,,To Do,False
__export__.mrp_production_6110_771ee578,[26222404] Safety Cover V01-00 / NFI,17190.0,5.0,2026-05-06 02:00:00,"MP3 - Mat. prep - pre-cutted, only picking (UITG_M)",__export__.mrp_workcenter_65_c1e1b939,5.0,2026-04-02 15:35:32,2026-04-02 15:35:33,Finished,False
,,,,,M3-01 - AW - 3axis - Manual (FR3_01),__export__.mrp_workcenter_54_3f0243e1,590.0,,,To Do,False
__export__.mrp_production_6111_81ca87ad,[GO3220T101B] Ventilblock vxe (1834191),15038.0,20.0,2026-05-21 02:00:00,MP1 - Mat. prep - automatic sawing (ZGN_01),__export__.mrp_workcenter_63_98a7a00b,35.0,2026-04-10 11:45:01,2026-04-10 11:45:01,Finished,False
,,,,,M5-02 - AW - 5axis - Pallet Automation (FR5_02),__export__.mrp_workcenter_59_d6deab7b,990.0,,,To Do,False
,,,,,M3-01 - AW - 3axis - Manual (FR3_01),__export__.mrp_workcenter_54_3f0243e1,190.0,,,To Do,False
,,,,,BW - Benchwork (BKW_01),__export__.mrp_workcenter_66_9f807a30,100.0,,,To Do,False
,,,,,PACK - Packaging (VERP_P),__export__.mrp_workcenter_67_d1ac8ce6,20.0,,,To Do,False
__export__.mrp_production_6112_05186945,[4022 690 33861] PLUNGER HANDLE AR,18378.0,13.0,2026-05-21 11:00:00,M3-01 - AW - 3axis - Manual (FR3_01),__export__.mrp_workcenter_54_3f0243e1,870.0,2026-04-17 13:03:11,2026-04-17 13:03:11,Finished,False
,,,,,M3-01 - AW - 3axis - Manual (FR3_01),__export__.mrp_workcenter_54_3f0243e1,870.0,2026-04-17 13:03:14,2026-04-17 13:03:14,Finished,False
__export__.mrp_production_6113_8c0e7b6a,[4022-631-99701] LCW ABS PRES SENS CONN BLOCK,14954.0,124.0,2026-06-18 00:00:00,MP1 - Mat. prep - automatic sawing (ZGN_01),__export__.mrp_workcenter_63_98a7a00b,139.0,2026-04-10 11:45:04,2026-04-10 11:45:04,Finished,False
,,,,,M5-02 - AW - 5axis - Pallet Automation (FR5_02),__export__.mrp_workcenter_59_d6deab7b,4802.0,,,To Do,False
,,,,,M3-02 - AW - 3axis - Manual (FR3_02),__export__.mrp_workcenter_55_15609e22,710.0,,,To Do,False
,,,,,BW - Benchwork (BKW_01),__export__.mrp_workcenter_66_9f807a30,620.0,,,To Do,False
,,,,,PACK - Packaging (VERP_P),__export__.mrp_workcenter_67_d1ac8ce6,124.0,,,To Do,False
__export__.mrp_production_6117_609a3f83,[7353584] 27251807 Levelling plate V01-00.STEP,17266.0,5.0,2026-05-06 02:00:00,MP1 - Mat. prep - automatic sawing (ZGN_01),__export__.mrp_workcenter_63_98a7a00b,315.0,2026-04-02 15:36:03,2026-04-02 15:36:04,Finished,False
,,,,,M5-03 - UMC1 - 5axis - Manual (UMC750),__export__.mrp_workcenter_61_bcb50df3,160.0,,,To Do,False
__export__.mrp_production_6119_075768cd,[4022.622.61092] RH RED GRIPPER CABLE COVER ,7366.0,60.0,2026-06-08 02:00:00,MP1 - Mat. prep - automatic sawing (ZGN_01),__export__.mrp_workcenter_63_98a7a00b,75.0,2026-04-02 15:36:24,2026-04-02 15:36:26,Finished,False
,,,,,M5-06 - UMC400 - 5axis  - Manual (UMC400)_ISSUE!,-,1260.0,,,Cancelled,False
,,,,,M3-03 - VF - 3axis - Manual (VF2SS),__export__.mrp_workcenter_60_6593b576,1980.0,,,To Do,False
,,,,,OUT - Outsourced activity,__export__.mrp_workcenter_68_8bff6631,2250.0,,,To Do,False
,,,,,OUT - Outsourced activity,__export__.mrp_workcenter_68_8bff6631,2250.0,,,To Do,False
,,,,,OUT - Outsourced activity,__export__.mrp_workcenter_68_8bff6631,6750.0,,,To Do,False
,,,,,PACK - Packaging (VERP_P),__export__.mrp_workcenter_67_d1ac8ce6,60.0,,,To Do,False
__export__.mrp_production_6121_b99b66ea,[100159725] EPSON-i3200_HeaterPressBlock / SUSS,18207.0,4.0,2026-04-27 02:00:00,MP1 - Mat. prep - automatic sawing (ZGN_01),__export__.mrp_workcenter_63_98a7a00b,19.0,2026-04-02 15:36:35,2026-04-02 15:36:36,Finished,False
,,,,,M5-03 - UMC1 - 5axis - Manual (UMC750),__export__.mrp_workcenter_61_bcb50df3,296.0,2026-04-15 13:56:34,2026-04-15 13:56:35,Finished,False
,,,,,OUT - Outsourced activity,__export__.mrp_workcenter_68_8bff6631,2250.0,,,To Do,False
__export__.mrp_production_6123_e3029e5e,[4022.673.8625 Rev: 1] Eim bear seat bot sph,19309.0,40.0,2026-04-28 02:00:00,M5-01 - AW - 5axis - Conveyor Automation (FR5_01),__export__.mrp_workcenter_58_a525d5b9,2490.0,,,To Do,False
,,,,,M3-01 - AW - 3axis - Manual (FR3_01),__export__.mrp_workcenter_54_3f0243e1,2490.0,,,To Do,False
,,,,,MP1 - Mat. prep - automatic sawing (ZGN_01),__export__.mrp_workcenter_63_98a7a00b,55.0,,,To Do,False
__export__.mrp_production_6124_4d31bd79,[00385-00-102-C] Height bearing clamp plate,14886.0,600.0,2026-05-19 12:00:00,MP1 - Mat. prep - automatic sawing (ZGN_01),__export__.mrp_workcenter_63_98a7a00b,615.0,,,To Do,False
,,,,,M4-02 - AW - 4axis - Conveyor Automation (FR4_02),__export__.mrp_workcenter_57_6faf5319,4890.0,,,To Do,False
,,,,,M3-01 - AW - 3axis - Manual (FR3_01),__export__.mrp_workcenter_54_3f0243e1,1890.0,,,To Do,False
,,,,,OUT - Outsourced activity,__export__.mrp_workcenter_68_8bff6631,9000.0,,,To Do,False
,,,,,PACK - Packaging (VERP_P),__export__.mrp_workcenter_67_d1ac8ce6,600.0,,,To Do,False
__export__.mrp_production_6125_3128304a,[00429-00-662-B] Arret lever,14895.0,400.0,2026-04-21 12:00:00,MP1 - Mat. prep - automatic sawing (ZGN_01),__export__.mrp_workcenter_63_98a7a00b,55.0,,,To Do,False
,,,,,M4-02 - AW - 4axis - Conveyor Automation (FR4_02),__export__.mrp_workcenter_57_6faf5319,650.0,,,To Do,False
,,,,,BW - Benchwork (BKW_01),__export__.mrp_workcenter_66_9f807a30,80.0,,,To Do,False
,,,,,PACK - Packaging (VERP_P),__export__.mrp_workcenter_67_d1ac8ce6,40.0,,,To Do,False
__export__.mrp_production_6126_02e4cab5,[4022-333-11506] lagerblok,14916.0,86.0,2026-04-21 12:00:00,MP1 - Mat. prep - automatic sawing (ZGN_01),__export__.mrp_workcenter_63_98a7a00b,101.0,2026-04-17 13:00:16,2026-04-17 13:00:16,Finished,False
,,,,,M3-01 - AW - 3axis - Manual (FR3_01),__export__.mrp_workcenter_54_3f0243e1,176.0,,,To Do,False
,,,,,M5-02 - AW - 5axis - Pallet Automation (FR5_02),__export__.mrp_workcenter_59_d6deab7b,1896.0,,,To Do,False
,,,,,M3-01 - AW - 3axis - Manual (FR3_01),__export__.mrp_workcenter_54_3f0243e1,520.0,,,To Do,False
,,,,,BW - Benchwork (BKW_01),__export__.mrp_workcenter_66_9f807a30,172.0,,,To Do,False
,,,,,PACK - Packaging (VERP_P),__export__.mrp_workcenter_67_d1ac8ce6,86.0,,,To Do,False
__export__.mrp_production_6127_8d0cae6b,[00385-00-113A] Tensioner plate,14887.0,700.0,2026-04-30 16:00:00,"MP3 - Mat. prep - pre-cutted, only picking (UITG_M)",__export__.mrp_workcenter_65_c1e1b939,700.0,,,To Do,False
,,,,,M4-02 - AW - 4axis - Conveyor Automation (FR4_02),__export__.mrp_workcenter_57_6faf5319,10590.0,,,To Do,False
,,,,,BW - Benchwork (BKW_01),__export__.mrp_workcenter_66_9f807a30,2100.0,,,To Do,False
,,,,,PACK - Packaging (VERP_P),__export__.mrp_workcenter_67_d1ac8ce6,700.0,,,To Do,False
__export__.mrp_production_6128_adce9df4,[00385-00-329-A] End plate finger safety hinge,14891.0,350.0,2026-04-30 16:00:00,MP1 - Mat. prep - automatic sawing (ZGN_01),__export__.mrp_workcenter_63_98a7a00b,365.0,,,To Do,False
,,,,,M3-01 - AW - 3axis - Manual (FR3_01),__export__.mrp_workcenter_54_3f0243e1,1140.0,,,To Do,False
,,,,,BW - Benchwork (BKW_01),__export__.mrp_workcenter_66_9f807a30,350.0,,,To Do,False
,,,,,OUT - Outsourced activity,__export__.mrp_workcenter_68_8bff6631,2250.0,,,To Do,False
,,,,,PACK - Packaging (VERP_P),__export__.mrp_workcenter_67_d1ac8ce6,350.0,,,To Do,False
__export__.mrp_production_6129_70c8cd1f,[4022-337-33842] arret holder,14925.0,145.0,2026-10-27 12:00:00,MP1 - Mat. prep - automatic sawing (ZGN_01),__export__.mrp_workcenter_63_98a7a00b,160.0,2026-04-17 13:00:21,2026-04-17 13:00:21,Finished,False
,,,,,M3-01 - AW - 3axis - Manual (FR3_01),__export__.mrp_workcenter_54_3f0243e1,380.0,,,To Do,False
,,,,,MP1 - Mat. prep - automatic sawing (ZGN_01),__export__.mrp_workcenter_63_98a7a00b,160.0,,,To Do,False
,,,,,M5-02 - AW - 5axis - Pallet Automation (FR5_02),__export__.mrp_workcenter_59_d6deab7b,3715.0,,,To Do,False
,,,,,M3-01 - AW - 3axis - Manual (FR3_01),__export__.mrp_workcenter_54_3f0243e1,1250.0,,,To Do,False
,,,,,BW - Benchwork (BKW_01),__export__.mrp_workcenter_66_9f807a30,435.0,,,To Do,False
,,,,,PACK - Packaging (VERP_P),__export__.mrp_workcenter_67_d1ac8ce6,145.0,,,To Do,False
__export__.mrp_production_6130_ba3bb714,[48260701 V02-00] Mirror mount OBD / NFI,19316.0,3.0,2026-04-17 02:00:00,MP1 - Mat. prep - automatic sawing (ZGN_01),__export__.mrp_workcenter_63_98a7a00b,16.0,2026-04-17 13:01:27,2026-04-17 13:01:27,Finished,False
,,,,,M5-01 - AW - 5axis - Conveyor Automation (FR5_01),__export__.mrp_workcenter_58_a525d5b9,150.0,,,To Do,False
__export__.mrp_production_6131_efeb2896,[24224801 V04-00] MAFM holder for realignment / NFI,19317.0,2.0,2026-04-17 02:00:00,M5-01 - AW - 5axis - Conveyor Automation (FR5_01),__export__.mrp_workcenter_58_a525d5b9,210.0,,,To Do,False
,,,,,M3-01 - AW - 3axis - Manual (FR3_01),__export__.mrp_workcenter_54_3f0243e1,210.0,,,To Do,False
__export__.mrp_production_6133_ab97924d,[48261205 V01-00] OBD holder back support / NFI,19320.0,3.0,2026-04-17 02:00:00,MP1 - Mat. prep - automatic sawing (ZGN_01),__export__.mrp_workcenter_63_98a7a00b,18.0,2026-04-17 13:01:24,2026-04-17 13:01:24,Finished,False
,,,,,M3-01 - AW - 3axis - Manual (FR3_01),__export__.mrp_workcenter_54_3f0243e1,270.0,,,To Do,False
,,,,,M3-01 - AW - 3axis - Manual (FR3_01),__export__.mrp_workcenter_54_3f0243e1,270.0,,,To Do,False
__export__.mrp_production_6134_da8fe849,[48253601 V02-00] OBD holder DummyBody / NFI,19319.0,1.0,2026-04-17 02:00:00,M5-01 - AW - 5axis - Conveyor Automation (FR5_01),__export__.mrp_workcenter_58_a525d5b9,150.0,,,To Do,False
,,,,,M3-01 - AW - 3axis - Manual (FR3_01),__export__.mrp_workcenter_54_3f0243e1,150.0,,,To Do,False
__export__.mrp_production_6135_7a4fa595,[4598-008-08901B POS 1] CEILING INLET*,15022.0,389.0,2026-06-26 02:00:00,OUT - Outsourced activity,__export__.mrp_workcenter_68_8bff6631,6459.75,2026-04-07 10:54:07,2026-04-28 13:03:52,Finished,False
,,,,,MP1 - Mat. prep - automatic sawing (ZGN_01),__export__.mrp_workcenter_63_98a7a00b,404.0,2026-04-13 09:28:03,2026-04-13 09:28:05,Finished,False
,,,,,PACK - Packaging (VERP_P),__export__.mrp_workcenter_67_d1ac8ce6,389.0,,,To Do,False
,,,,,M4-02 - AW - 4axis - Conveyor Automation (FR4_02),__export__.mrp_workcenter_57_6faf5319,9815.0,,,To Do,False
,,,,,M3-01 - AW - 3axis - Manual (FR3_01),__export__.mrp_workcenter_54_3f0243e1,1646.0,,,To Do,False
,,,,,BW - Benchwork (BKW_01),__export__.mrp_workcenter_66_9f807a30,1167.0,,,To Do,False
__export__.mrp_production_6138_dbf06a79,[4022.719.28491] HALFFAB M PLATE SST 150x40x15 / HQP / 104018451,18565.0,16.0,2026-05-07 02:00:00,MP1 - Mat. prep - automatic sawing (ZGN_01),__export__.mrp_workcenter_63_98a7a00b,31.0,2026-04-10 11:45:12,2026-04-10 11:45:12,Finished,False
,,,,,M5-05 - UMC2 - 5axis  - Manual (UMC750),__export__.mrp_workcenter_83_95c50e96,380.0,,,To Do,False
,,,,,M3-01 - AW - 3axis - Manual (FR3_01),__export__.mrp_workcenter_54_3f0243e1,314.0,,,To Do,False
,,,,,BW - Benchwork (BKW_01),__export__.mrp_workcenter_66_9f807a30,16.0,,,To Do,False
__export__.mrp_production_6139_500ed6e7,[4022.719.44971] HALFFAB M CL SP SST 150x30x159 / HQP / 104018452,18566.0,8.0,2026-05-07 02:00:00,"MP3 - Mat. prep - pre-cutted, only picking (UITG_M)",__export__.mrp_workcenter_65_c1e1b939,8.0,2026-04-17 13:02:16,2026-04-17 13:02:16,Finished,False
,,,,,M3-01 - AW - 3axis - Manual (FR3_01),__export__.mrp_workcenter_54_3f0243e1,546.0,,,To Do,False
,,,,,M3-01 - AW - 3axis - Manual (FR3_01),__export__.mrp_workcenter_54_3f0243e1,530.0,,,To Do,False
,,,,,BW - Benchwork (BKW_01),__export__.mrp_workcenter_66_9f807a30,480.0,,,To Do,False
__export__.mrp_production_6140_6fe0ed89,[4022.719.44981] HALFFAB M CL SP SST 150x30x177 / HQP /  104018453 ,18567.0,8.0,2026-05-07 02:00:00,"MP3 - Mat. prep - pre-cutted, only picking (UITG_M)",__export__.mrp_workcenter_65_c1e1b939,8.0,2026-04-17 13:02:19,2026-04-17 13:02:19,Finished,False
,,,,,M5-03 - UMC1 - 5axis - Manual (UMC750),__export__.mrp_workcenter_61_bcb50df3,676.0,,,To Do,False
,,,,,M3-01 - AW - 3axis - Manual (FR3_01),__export__.mrp_workcenter_54_3f0243e1,546.0,,,To Do,False
,,,,,BW - Benchwork (BKW_01),__export__.mrp_workcenter_66_9f807a30,8.0,,,To Do,False
__export__.mrp_production_6141_4031788a,[4022.719.44991] HALFFAB M CLAMP SST 990x60x50 / HQP / 104018454,18568.0,8.0,2026-05-07 02:00:00,"MP3 - Mat. prep - pre-cutted, only picking (UITG_M)",__export__.mrp_workcenter_65_c1e1b939,8.0,2026-04-17 13:02:23,2026-04-17 13:02:23,Finished,False
,,,,,M3-01 - AW - 3axis - Manual (FR3_01),__export__.mrp_workcenter_54_3f0243e1,2098.0,,,To Do,False
__export__.mrp_production_6143_61892801,[4022-333-13805] dr pnt cilinder,14917.0,120.0,2026-04-30 12:00:00,MP1 - Mat. prep - automatic sawing (ZGN_01),__export__.mrp_workcenter_63_98a7a00b,135.0,2026-04-10 11:45:20,2026-04-10 11:45:21,Finished,False
,,,,,M5-02 - AW - 5axis - Pallet Automation (FR5_02),__export__.mrp_workcenter_59_d6deab7b,1890.0,,,To Do,False
,,,,,M3-01 - AW - 3axis - Manual (FR3_01),__export__.mrp_workcenter_54_3f0243e1,210.0,,,To Do,False
,,,,,OUT - Outsourced activity,__export__.mrp_workcenter_68_8bff6631,2250.0,,,To Do,False
,,,,,BW - Benchwork (BKW_01),__export__.mrp_workcenter_66_9f807a30,120.0,,,To Do,False
,,,,,PACK - Packaging (VERP_P),__export__.mrp_workcenter_67_d1ac8ce6,120.0,,,To Do,False
__export__.mrp_production_6144_c071ebc2,[M0216-01-091-A] Bev. Klitteband,15041.0,1500.0,2026-04-23 12:00:00,MP1 - Mat. prep - automatic sawing (ZGN_01),__export__.mrp_workcenter_63_98a7a00b,1515.0,2026-04-15 10:26:15,2026-04-15 10:26:15,Finished,False
,,,,,M3-01 - AW - 3axis - Manual (FR3_01),__export__.mrp_workcenter_54_3f0243e1,90.0,,,To Do,False
,,,,,MP1 - Mat. prep - automatic sawing (ZGN_01),__export__.mrp_workcenter_63_98a7a00b,1515.0,,,To Do,False
,,,,,BW - Benchwork (BKW_01),__export__.mrp_workcenter_66_9f807a30,1500.0,,,To Do,False
,,,,,PACK - Packaging (VERP_P),__export__.mrp_workcenter_67_d1ac8ce6,1500.0,,,To Do,False
__export__.mrp_production_6145_6af0c4fc,[4022.666.20971-TBRM MCH] WTP IM MK6 BRACKET RING,13691.0,500.0,2026-04-24 02:00:00,"MP3 - Mat. prep - pre-cutted, only picking (UITG_M)",__export__.mrp_workcenter_65_c1e1b939,500.0,,,To Do,False
,,,,,M5-03 - UMC1 - 5axis - Manual (UMC750),__export__.mrp_workcenter_61_bcb50df3,11660.0,,,To Do,False
,,,,,OUT - Outsourced activity,__export__.mrp_workcenter_68_8bff6631,4500.0,,,To Do,False
__export__.mrp_production_6146_1fc3cff0,[4022.632.63021] WTP LOCKING NUT,7034.0,1300.0,2026-04-17 02:00:00,MP1 - Mat. prep - automatic sawing (ZGN_01),__export__.mrp_workcenter_63_98a7a00b,1315.0,2026-04-17 13:00:25,2026-04-17 13:00:25,Finished,False
,,,,,M5-01 - AW - 5axis - Conveyor Automation (FR5_01),__export__.mrp_workcenter_58_a525d5b9,22190.0,,,To Do,False
,,,,,OUT - Outsourced activity,__export__.mrp_workcenter_68_8bff6631,2250.0,,,To Do,False
__export__.mrp_production_6153_46960345,[4022-637-29291] Hinge Block rm,14963.0,50.0,2026-04-28 12:00:00,MP1 - Mat. prep - automatic sawing (ZGN_01),__export__.mrp_workcenter_63_98a7a00b,65.0,2026-04-10 11:45:28,2026-04-10 11:45:28,Finished,False
,,,,,M4-02 - AW - 4axis - Conveyor Automation (FR4_02),__export__.mrp_workcenter_57_6faf5319,840.0,,,To Do,False
,,,,,M3-01 - AW - 3axis - Manual (FR3_01),__export__.mrp_workcenter_54_3f0243e1,440.0,,,To Do,False
,,,,,BW - Benchwork (BKW_01),__export__.mrp_workcenter_66_9f807a30,200.0,,,To Do,False
,,,,,PACK - Packaging (VERP_P),__export__.mrp_workcenter_67_d1ac8ce6,50.0,,,To Do,False
__export__.mrp_production_6157_3611ba68,[4022-455-01702] Sensorblock,14927.0,2.0,2026-06-10 02:00:00,MP1 - Mat. prep - automatic sawing (ZGN_01),__export__.mrp_workcenter_63_98a7a00b,17.0,2026-04-17 13:00:31,2026-04-17 13:00:31,Finished,False
,,,,,M5-02 - AW - 5axis - Pallet Automation (FR5_02),__export__.mrp_workcenter_59_d6deab7b,190.0,,,To Do,False
,,,,,M4-01 - AW - 4axis - Conveyor Automation (FR4_01),__export__.mrp_workcenter_56_d6637dea,110.0,,,To Do,False
,,,,,BW - Benchwork (BKW_01),__export__.mrp_workcenter_66_9f807a30,6.0,,,To Do,False
,,,,,PACK - Packaging (VERP_P),__export__.mrp_workcenter_67_d1ac8ce6,2.0,,,To Do,False
__export__.mrp_production_6160_45a88c11,[4022.704.19282] RH RED GRIPPER BODY,14210.0,30.0,2026-08-25 02:00:00,"MP3 - Mat. prep - pre-cutted, only picking (UITG_M)",__export__.mrp_workcenter_65_c1e1b939,30.0,,,To Do,False
,,,,,M5-06 - UMC400 - 5axis  - Manual (UMC400)_ISSUE!,-,1860.0,,,Cancelled,False
,,,,,M5-03 - UMC1 - 5axis - Manual (UMC750),__export__.mrp_workcenter_61_bcb50df3,14460.0,,,To Do,False
,,,,,M5-06 - UMC400 - 5axis  - Manual (UMC400)_ISSUE!,-,1860.0,,,Cancelled,False
,,,,,OUT - Outsourced activity,__export__.mrp_workcenter_68_8bff6631,2250.0,,,To Do,False
__export__.mrp_production_6162_cb88739d,[4022-639-30590] YS AS2 mounting block,15593.0,50.0,2026-05-08 02:00:00,MP1 - Mat. prep - automatic sawing (ZGN_01),__export__.mrp_workcenter_63_98a7a00b,65.0,,,To Do,False
,,,,,M5-01 - AW - 5axis - Conveyor Automation (FR5_01),__export__.mrp_workcenter_58_a525d5b9,3090.0,,,To Do,False
,,,,,M3-01 - AW - 3axis - Manual (FR3_01),__export__.mrp_workcenter_54_3f0243e1,3090.0,,,To Do,False
__export__.mrp_production_6163_61e3daa7,[00429-00-249-A] Plint adjust strip,14894.0,436.0,2026-05-12 12:00:00,MP1 - Mat. prep - automatic sawing (ZGN_01),__export__.mrp_workcenter_63_98a7a00b,17.0,,,To Do,False
,,,,,M4-01 - AW - 4axis - Conveyor Automation (FR4_01),__export__.mrp_workcenter_56_d6637dea,102.0,,,To Do,False
,,,,,BW - Benchwork (BKW_01),__export__.mrp_workcenter_66_9f807a30,2.0,,,To Do,False
,,,,,OUT - Outsourced activity,__export__.mrp_workcenter_68_8bff6631,2250.0,,,To Do,False
,,,,,PACK - Packaging (VERP_P),__export__.mrp_workcenter_67_d1ac8ce6,2.0,,,To Do,False
__export__.mrp_production_6164_25b79e46,[4022-680-5023] MBI WS MK2 F&T BMA CONNECT 1,14996.0,46.0,2026-05-12 02:00:00,MP1 - Mat. prep - automatic sawing (ZGN_01),__export__.mrp_workcenter_63_98a7a00b,61.0,,,To Do,False
,,,,,M3-02 - AW - 3axis - Manual (FR3_02),__export__.mrp_workcenter_55_15609e22,1056.0,,,To Do,False
,,,,,OUT - Outsourced activity,__export__.mrp_workcenter_68_8bff6631,2250.0,,,To Do,False
__export__.mrp_production_6165_afd8b4f9,[4022-680-5025] MBI WS MK2 F&T BMA CONNECT,14997.0,34.0,2026-05-12 02:00:00,MP1 - Mat. prep - automatic sawing (ZGN_01),__export__.mrp_workcenter_63_98a7a00b,49.0,,,To Do,False
,,,,,M3-02 - AW - 3axis - Manual (FR3_02),__export__.mrp_workcenter_55_15609e22,1212.0,,,To Do,False
,,,,,OUT - Outsourced activity,__export__.mrp_workcenter_68_8bff6631,2250.0,,,To Do,False
__export__.mrp_production_6167_4e98ad1d,[7336992] 000323694D.step,17413.0,1.0,2026-05-01 02:00:00,MP1 - Mat. prep - automatic sawing (ZGN_01),__export__.mrp_workcenter_63_98a7a00b,16.0,,,To Do,False
__export__.mrp_production_6168_4902a80c,[7417951] 515-3188-585-73260.STEP,19337.0,30.0,2026-05-01 02:00:00,MP1 - Mat. prep - automatic sawing (ZGN_01),__export__.mrp_workcenter_63_98a7a00b,17.0,,,To Do,False
,,,,,M3-01 - AW - 3axis - Manual (FR3_01),__export__.mrp_workcenter_54_3f0243e1,97.8,,,To Do,False
,,,,,M5-03 - UMC1 - 5axis - Manual (UMC750),__export__.mrp_workcenter_61_bcb50df3,64.83,,,To Do,False
__export__.mrp_production_6169_d61a95e0,[P183614A] IQS PCBA MOUNT,19338.0,6.0,2026-05-08 02:00:00,MP1 - Mat. prep - automatic sawing (ZGN_01),__export__.mrp_workcenter_63_98a7a00b,16.0,,,To Do,False
,,,,,M3-01 - AW - 3axis - Manual (FR3_01),__export__.mrp_workcenter_54_3f0243e1,150.0,,,To Do,False
,,,,,M3-01 - AW - 3axis - Manual (FR3_01),__export__.mrp_workcenter_54_3f0243e1,150.0,,,To Do,False
__export__.mrp_production_6175_5150de99,[4022.451.18381] HALFFAB_M_LEFT_RAIL_CLMP_SPPRT / HQP / 101274681,19341.0,1.0,2026-06-09 02:00:00,MP1 - Mat. prep - automatic sawing (ZGN_01),__export__.mrp_workcenter_63_98a7a00b,16.0,,,To Do,False
,,,,,M5-01 - AW - 5axis - Conveyor Automation (FR5_01),__export__.mrp_workcenter_58_a525d5b9,150.0,,,To Do,False
,,,,,M3-01 - AW - 3axis - Manual (FR3_01),__export__.mrp_workcenter_54_3f0243e1,150.0,,,To Do,False
__export__.mrp_production_6178_728ef903,[4022.451.20451] HALFFAB_M_AG_CLAMP_SPACER_BLCK / HQP / 101274561,19340.0,2.0,2026-06-09 02:00:00,MP1 - Mat. prep - automatic sawing (ZGN_01),__export__.mrp_workcenter_63_98a7a00b,17.0,,,To Do,False
,,,,,M5-01 - AW - 5axis - Conveyor Automation (FR5_01),__export__.mrp_workcenter_58_a525d5b9,210.0,,,To Do,False
,,,,,M3-01 - AW - 3axis - Manual (FR3_01),__export__.mrp_workcenter_54_3f0243e1,210.0,,,To Do,False
,,,,,OUT - Outsourced activity,__export__.mrp_workcenter_68_8bff6631,2250.0,,,To Do,False
__export__.mrp_production_6179_e4b58cbd,[4022.451.20441] HALFFAB_M_AG_CLMP_RH_SPCR_BLCK / HQP / 101534031,19345.0,3.0,2026-05-26 02:00:00,MP1 - Mat. prep - automatic sawing (ZGN_01),__export__.mrp_workcenter_63_98a7a00b,18.0,,,To Do,False
,,,,,M5-01 - AW - 5axis - Conveyor Automation (FR5_01),__export__.mrp_workcenter_58_a525d5b9,270.0,,,To Do,False
,,,,,M3-01 - AW - 3axis - Manual (FR3_01),__export__.mrp_workcenter_54_3f0243e1,270.0,,,To Do,False
,,,,,OUT - Outsourced activity,__export__.mrp_workcenter_68_8bff6631,2250.0,,,To Do,False
__export__.mrp_production_6192_3443eb6e,[M0216-01-363-B] nul-graden arretsegment,15042.0,50.0,2026-02-23 11:00:00,MP1 - Mat. prep - automatic sawing (ZGN_01),__export__.mrp_workcenter_63_98a7a00b,65.0,2000-01-01 00:00:00,2000-01-01 00:00:00,Cancelled,False
,,,,,M3-02 - AW - 3axis - Manual (FR3_02),__export__.mrp_workcenter_55_15609e22,240.0,2026-04-17 13:07:31,2026-04-17 13:07:33,Finished,False
,,,,,M3-02 - AW - 3axis - Manual (FR3_02),__export__.mrp_workcenter_55_15609e22,1490.0,,,To Do,False
,,,,,BW - Benchwork (BKW_01),__export__.mrp_workcenter_66_9f807a30,100.0,,,To Do,False
,,,,,OUT - Outsourced activity,__export__.mrp_workcenter_68_8bff6631,2250.0,,,To Do,False
,,,,,PACK - Packaging (VERP_P),__export__.mrp_workcenter_67_d1ac8ce6,50.0,,,To Do,False
__export__.mrp_production_6193_869219d7,[00429-00-662-B] Arret lever,14895.0,178.0,2026-02-16 09:47:04,MP1 - Mat. prep - automatic sawing (ZGN_01),__export__.mrp_workcenter_63_98a7a00b,20.0,2026-04-15 13:26:14,2026-04-15 13:26:16,Finished,False
,,,,,M3-02 - AW - 3axis - Manual (FR3_02),__export__.mrp_workcenter_55_15609e22,160.0,,,To Do,False
,,,,,BW - Benchwork (BKW_01),__export__.mrp_workcenter_66_9f807a30,10.0,,,To Do,False
,,,,,PACK - Packaging (VERP_P),__export__.mrp_workcenter_67_d1ac8ce6,5.0,,,To Do,False
__export__.mrp_production_6194_00aea810,[1508130 B] [Q] excenter housing z,16893.0,115.0,2026-02-16 10:00:00,MP1 - Mat. prep - automatic sawing (ZGN_01),__export__.mrp_workcenter_63_98a7a00b,130.0,2000-01-01 00:00:00,2000-01-01 00:00:00,Cancelled,False
,,,,,M5-01 - AW - 5axis - Conveyor Automation (FR5_01),__export__.mrp_workcenter_58_a525d5b9,5840.0,,,To Do,False
,,,,,M3-03 - VF - 3axis - Manual (VF2SS),__export__.mrp_workcenter_60_6593b576,635.0,,,To Do,False
,,,,,BW - Benchwork (BKW_01),__export__.mrp_workcenter_66_9f807a30,575.0,,,To Do,False
,,,,,PACK - Packaging (VERP_P),__export__.mrp_workcenter_67_d1ac8ce6,115.0,,,To Do,False
__export__.mrp_production_6197_e6c5263e,[4598-011-70891B] ENDPLATE,15023.0,200.0,2026-05-07 12:00:00,MP1 - Mat. prep - automatic sawing (ZGN_01),__export__.mrp_workcenter_63_98a7a00b,215.0,,,To Do,False
,,,,,BW - Benchwork (BKW_01),__export__.mrp_workcenter_66_9f807a30,200.0,,,To Do,False
,,,,,M4-01 - AW - 4axis - Conveyor Automation (FR4_01),__export__.mrp_workcenter_56_d6637dea,1690.0,,,To Do,False
,,,,,BW - Benchwork (BKW_01),__export__.mrp_workcenter_66_9f807a30,200.0,,,To Do,False
,,,,,OUT - Outsourced activity,__export__.mrp_workcenter_68_8bff6631,2250.0,,,To Do,False
__export__.mrp_production_6198_d0f32215,[4022-674-3569] MBI WS LTT HS MAN PLUG,14993.0,38.0,2026-07-24 02:00:00,MP1 - Mat. prep - automatic sawing (ZGN_01),__export__.mrp_workcenter_63_98a7a00b,53.0,,,To Do,False
,,,,,M3-01 - AW - 3axis - Manual (FR3_01),__export__.mrp_workcenter_54_3f0243e1,242.0,,,To Do,False
,,,,,M3-01 - AW - 3axis - Manual (FR3_01),__export__.mrp_workcenter_54_3f0243e1,166.0,,,To Do,False
,,,,,BW - Benchwork (BKW_01),__export__.mrp_workcenter_66_9f807a30,38.0,,,To Do,False
,,,,,OUT - Outsourced activity,__export__.mrp_workcenter_68_8bff6631,2250.0,,,To Do,False
,,,,,PACK - Packaging (VERP_P),__export__.mrp_workcenter_67_d1ac8ce6,38.0,,,To Do,False
__export__.mrp_production_6199_a3feca82,[4598-008-08901B POS 1] CEILING INLET*,15022.0,92.0,2026-04-10 02:00:00,MP1 - Mat. prep - automatic sawing (ZGN_01),__export__.mrp_workcenter_63_98a7a00b,107.0,2000-01-01 00:00:00,2000-01-01 00:00:00,Cancelled,False
,,,,,M4-02 - AW - 4axis - Conveyor Automation (FR4_02),__export__.mrp_workcenter_57_6faf5319,2390.0,2000-01-01 00:00:00,2000-01-01 00:00:00,Cancelled,False
,,,,,M3-01 - AW - 3axis - Manual (FR3_01),__export__.mrp_workcenter_54_3f0243e1,458.0,2000-01-01 00:00:00,2000-01-01 00:00:00,Cancelled,False
,,,,,BW - Benchwork (BKW_01),__export__.mrp_workcenter_66_9f807a30,276.0,,,To Do,False
,,,,,OUT - Outsourced activity,__export__.mrp_workcenter_68_8bff6631,9000.0,,,To Do,False
,,,,,PACK - Packaging (VERP_P),__export__.mrp_workcenter_67_d1ac8ce6,92.0,,,To Do,False
__export__.mrp_production_6200_0df5452c,[00385-00-346-A] Plint fixing strip right,14892.0,264.0,2026-03-13 11:00:00,MP1 - Mat. prep - automatic sawing (ZGN_01),__export__.mrp_workcenter_63_98a7a00b,279.0,2000-01-01 00:00:00,2000-01-01 00:00:00,Cancelled,False
,,,,,M4-01 - AW - 4axis - Conveyor Automation (FR4_01),__export__.mrp_workcenter_56_d6637dea,2202.0,2026-04-20 16:12:52,2026-04-20 16:12:54,Finished,False
,,,,,M5-06 - UMC400 - 5axis  - Manual (UMC400)_ISSUE!,-,1116.0,2000-01-01 00:00:00,2000-01-01 00:00:00,Cancelled,False
,,,,,BW - Benchwork (BKW_01),__export__.mrp_workcenter_66_9f807a30,528.0,,,To Do,False
,,,,,OUT - Outsourced activity,__export__.mrp_workcenter_68_8bff6631,2250.0,,,To Do,False
,,,,,PACK - Packaging (VERP_P),__export__.mrp_workcenter_67_d1ac8ce6,264.0,,,To Do,False
__export__.mrp_production_6201_cc5870f3,[BD50-5075-013F] bracket,15029.0,25.0,2026-05-26 12:22:44,MP2 - Mat. prep - manual sawing (ZGN_02),__export__.mrp_workcenter_64_95992ef5,25.0,,,To Do,False
,,,,,M3-01 - AW - 3axis - Manual (FR3_01),__export__.mrp_workcenter_54_3f0243e1,240.0,,,To Do,False
,,,,,BW - Benchwork (BKW_01),__export__.mrp_workcenter_66_9f807a30,50.0,,,To Do,False
,,,,,PACK - Packaging (VERP_P),__export__.mrp_workcenter_67_d1ac8ce6,25.0,,,To Do,False
,,,,,OUT - Outsourced activity,__export__.mrp_workcenter_68_8bff6631,4500.0,,,To Do,False
,,,,,PACK - Packaging (VERP_P),__export__.mrp_workcenter_67_d1ac8ce6,25.0,,,To Do,False
__export__.mrp_production_6204_58badac8,[4022-470-85441] 1/2TE Compens Guide 160mm,14933.0,20.0,2026-07-07 02:00:00,MP1 - Mat. prep - automatic sawing (ZGN_01),__export__.mrp_workcenter_63_98a7a00b,35.0,,,To Do,False
,,,,,M4-02 - AW - 4axis - Conveyor Automation (FR4_02),__export__.mrp_workcenter_57_6faf5319,290.0,,,To Do,False
,,,,,M4-01 - AW - 4axis - Conveyor Automation (FR4_01),__export__.mrp_workcenter_56_d6637dea,390.0,,,To Do,False
,,,,,BW - Benchwork (BKW_01),__export__.mrp_workcenter_66_9f807a30,20.0,,,To Do,False
,,,,,PACK - Packaging (VERP_P),__export__.mrp_workcenter_67_d1ac8ce6,20.0,,,To Do,False
__export__.mrp_production_6205_8e927596,[00385-00-274-D] Filling block,14888.0,356.0,2026-05-14 12:00:00,MP1 - Mat. prep - automatic sawing (ZGN_01),__export__.mrp_workcenter_63_98a7a00b,371.0,,,To Do,False
,,,,,M4-01 - AW - 4axis - Conveyor Automation (FR4_01),__export__.mrp_workcenter_56_d6637dea,2938.0,,,To Do,False
,,,,,M3-01 - AW - 3axis - Manual (FR3_01),__export__.mrp_workcenter_54_3f0243e1,1158.0,,,To Do,False
,,,,,BW - Benchwork (BKW_01),__export__.mrp_workcenter_66_9f807a30,356.0,,,To Do,False
,,,,,PACK - Packaging (VERP_P),__export__.mrp_workcenter_67_d1ac8ce6,356.0,,,To Do,False
__export__.mrp_production_6206_24cb6a6a,[00385-00-320-A] Plint adjust strip,14889.0,654.0,2026-05-21 12:00:00,MP1 - Mat. prep - automatic sawing (ZGN_01),__export__.mrp_workcenter_63_98a7a00b,669.0,,,To Do,False
,,,,,M4-01 - AW - 4axis - Conveyor Automation (FR4_01),__export__.mrp_workcenter_56_d6637dea,4014.0,,,To Do,False
,,,,,BW - Benchwork (BKW_01),__export__.mrp_workcenter_66_9f807a30,654.0,,,To Do,False
,,,,,OUT - Outsourced activity,__export__.mrp_workcenter_68_8bff6631,2250.0,,,To Do,False
,,,,,PACK - Packaging (VERP_P),__export__.mrp_workcenter_67_d1ac8ce6,654.0,,,To Do,False
__export__.mrp_production_6207_1e14eead,[00385-00-321-A] Plint fixing strip left,14890.0,714.0,2026-05-21 12:00:00,MP1 - Mat. prep - automatic sawing (ZGN_01),__export__.mrp_workcenter_63_98a7a00b,729.0,,,To Do,False
,,,,,M4-01 - AW - 4axis - Conveyor Automation (FR4_01),__export__.mrp_workcenter_56_d6637dea,5802.0,,,To Do,False
,,,,,M3-01 - AW - 3axis - Manual (FR3_01),__export__.mrp_workcenter_54_3f0243e1,2946.0,,,To Do,False
,,,,,BW - Benchwork (BKW_01),__export__.mrp_workcenter_66_9f807a30,1428.0,,,To Do,False
,,,,,OUT - Outsourced activity,__export__.mrp_workcenter_68_8bff6631,2250.0,,,To Do,False
,,,,,PACK - Packaging (VERP_P),__export__.mrp_workcenter_67_d1ac8ce6,714.0,,,To Do,False
__export__.mrp_production_6208_1095546a,[00385-00-346-A] Plint fixing strip right,14892.0,714.0,2026-05-21 12:00:00,MP1 - Mat. prep - automatic sawing (ZGN_01),__export__.mrp_workcenter_63_98a7a00b,729.0,,,To Do,False
,,,,,M4-01 - AW - 4axis - Conveyor Automation (FR4_01),__export__.mrp_workcenter_56_d6637dea,5802.0,,,To Do,False
,,,,,M3-01 - AW - 3axis - Manual (FR3_01),__export__.mrp_workcenter_54_3f0243e1,2946.0,,,To Do,False
,,,,,BW - Benchwork (BKW_01),__export__.mrp_workcenter_66_9f807a30,1428.0,,,To Do,False
,,,,,OUT - Outsourced activity,__export__.mrp_workcenter_68_8bff6631,2250.0,,,To Do,False
,,,,,PACK - Packaging (VERP_P),__export__.mrp_workcenter_67_d1ac8ce6,714.0,,,To Do,False
__export__.mrp_production_6209_9f61b525,[00429-00-662-B] Arret lever,14895.0,400.0,2026-05-14 12:00:00,MP1 - Mat. prep - automatic sawing (ZGN_01),__export__.mrp_workcenter_63_98a7a00b,55.0,,,To Do,False
,,,,,M4-02 - AW - 4axis - Conveyor Automation (FR4_02),__export__.mrp_workcenter_57_6faf5319,650.0,,,To Do,False
,,,,,BW - Benchwork (BKW_01),__export__.mrp_workcenter_66_9f807a30,80.0,,,To Do,False
,,,,,PACK - Packaging (VERP_P),__export__.mrp_workcenter_67_d1ac8ce6,40.0,,,To Do,False
__export__.mrp_production_6210_afc3a4ad,[1508130 B] [Q] excenter housing z,16893.0,170.0,2026-05-14 12:00:00,MP1 - Mat. prep - automatic sawing (ZGN_01),__export__.mrp_workcenter_63_98a7a00b,185.0,,,To Do,False
,,,,,M5-02 - AW - 5axis - Pallet Automation (FR5_02),__export__.mrp_workcenter_59_d6deab7b,8590.0,,,To Do,False
,,,,,M3-01 - AW - 3axis - Manual (FR3_01),__export__.mrp_workcenter_54_3f0243e1,940.0,,,To Do,False
,,,,,BW - Benchwork (BKW_01),__export__.mrp_workcenter_66_9f807a30,850.0,,,To Do,False
,,,,,PACK - Packaging (VERP_P),__export__.mrp_workcenter_67_d1ac8ce6,170.0,,,To Do,False
__export__.mrp_production_6211_85ed5f7a,[4022-639-33862] YS CT GRIP DETECT AIRL-INTERF,15577.0,20.0,2026-05-14 13:45:55,MP1 - Mat. prep - automatic sawing (ZGN_01),__export__.mrp_workcenter_63_98a7a00b,35.0,,,To Do,False
,,,,,M5-01 - AW - 5axis - Conveyor Automation (FR5_01),__export__.mrp_workcenter_58_a525d5b9,890.0,,,To Do,False
,,,,,M5-01 - AW - 5axis - Conveyor Automation (FR5_01),__export__.mrp_workcenter_58_a525d5b9,890.0,,,To Do,False
__export__.mrp_production_6212_0919666a,[E06580] 4598-013-97791 WA2 VIBRATION PAD RIGHT SPACER rood,17867.0,200.0,2026-05-21 02:00:00,"MP3 - Mat. prep - pre-cutted, only picking (UITG_M)",__export__.mrp_workcenter_65_c1e1b939,200.0,,,To Do,False
,,,,,M4-01 - AW - 4axis - Conveyor Automation (FR4_01),__export__.mrp_workcenter_56_d6637dea,890.0,,,To Do,False
__export__.mrp_production_6213_c32f4f9c,[E06581] 4598-013-97781 WA2 VIBRATION PAD LEFT SPACER blauw,17519.0,200.0,2026-05-21 02:00:00,"MP3 - Mat. prep - pre-cutted, only picking (UITG_M)",__export__.mrp_workcenter_65_c1e1b939,200.0,,,To Do,False
,,,,,M4-01 - AW - 4axis - Conveyor Automation (FR4_01),__export__.mrp_workcenter_56_d6637dea,890.0,,,To Do,False
__export__.mrp_production_6214_77a6e3d4,[m05537] Spacer pos 1,18608.0,100.0,2026-05-28 02:00:00,"MP3 - Mat. prep - pre-cutted, only picking (UITG_M)",__export__.mrp_workcenter_65_c1e1b939,100.0,,,To Do,False
,,,,,M4-01 - AW - 4axis - Conveyor Automation (FR4_01),__export__.mrp_workcenter_56_d6637dea,390.0,,,To Do,False
,,,,,BW - Benchwork (BKW_01),__export__.mrp_workcenter_66_9f807a30,100.0,,,To Do,False
__export__.mrp_production_6217_755fbf9a,[7007-2500-0009] 263 - EL5 Base Plate (Dark) With Coating / IAH / 2026.SPX.0263.10.10,19198.0,10.0,2026-04-09 02:00:00,"MP3 - Mat. prep - pre-cutted, only picking (UITG_M)",__export__.mrp_workcenter_65_c1e1b939,10.0,2000-01-01 00:00:00,2000-01-01 00:00:00,Cancelled,False
,,,,,M3-03 - VF - 3axis - Manual (VF2SS),__export__.mrp_workcenter_60_6593b576,660.0,2000-01-01 00:00:00,2000-01-01 00:00:00,Cancelled,False
,,,,,M5-04 - UMCSS - 5axis  - Manual (UMC750SS),__export__.mrp_workcenter_62_468a38e5,660.0,2000-01-01 00:00:00,2000-01-01 00:00:00,Cancelled,False
__export__.mrp_production_6224_60bd1d38,[4022-666-3837-1] LSPH Bellow Clamp,14985.0,115.0,2025-11-19 09:00:00,M4-01 - AW - 4axis - Conveyor Automation (FR4_01),__export__.mrp_workcenter_56_d6637dea,665.0,2026-04-24 12:49:26,2026-04-24 12:49:28,Finished,True
,,,,,M3-02 - AW - 3axis - Manual (FR3_02),__export__.mrp_workcenter_55_15609e22,435.0,2026-06-23 09:08:00,2026-06-23 23:16:00,Finished,True
,,,,,BW - Benchwork (BKW_01),__export__.mrp_workcenter_66_9f807a30,230.0,,,To Do,True
,,,,,PACK - Packaging (VERP_P),__export__.mrp_workcenter_67_d1ac8ce6,115.0,,,To Do,True
__export__.mrp_production_6225_bd3b962b,[4022-486-33041] Connector Block,14938.0,183.0,2026-07-03 02:00:00,MP1 - Mat. prep - automatic sawing (ZGN_01),__export__.mrp_workcenter_63_98a7a00b,198.0,,,To Do,False
,,,,,BW - Benchwork (BKW_01),__export__.mrp_workcenter_66_9f807a30,549.0,,,To Do,False
,,,,,PACK - Packaging (VERP_P),__export__.mrp_workcenter_67_d1ac8ce6,183.0,,,To Do,False
,,,,,M5-06 - UMC400 - 5axis  - Manual (UMC400)_ISSUE!,-,2805.0,,,Cancelled,False
__export__.mrp_production_6226_16fa701d,[4022-651-14271] NXT WS MK41 DC TEMP CONN PLATE,14974.0,100.0,2026-05-26 12:00:00,MP1 - Mat. prep - automatic sawing (ZGN_01),__export__.mrp_workcenter_63_98a7a00b,115.0,,,To Do,False
,,,,,M4-01 - AW - 4axis - Conveyor Automation (FR4_01),__export__.mrp_workcenter_56_d6637dea,1290.0,,,To Do,False
,,,,,BW - Benchwork (BKW_01),__export__.mrp_workcenter_66_9f807a30,100.0,,,To Do,False
,,,,,PACK - Packaging (VERP_P),__export__.mrp_workcenter_67_d1ac8ce6,100.0,,,To Do,False
,,,,,OUT - Outsourced activity,__export__.mrp_workcenter_68_8bff6631,2250.0,,,To Do,False
,,,,,PACK - Packaging (VERP_P),__export__.mrp_workcenter_67_d1ac8ce6,100.0,,,To Do,False
