OperationID,ResourceID
0,3
1,4
2,5
3,6
4,7
5,3
6,4
7,5
8,6
9,7
10,3
11,4
12,5
13,6
14,7
15,3
16,4
17,5
18,6
19,7
20,3
21,4
22,5
23,6
24,7
25,3
26,4
27,5
28,6
29,7
30,8
31,9
32,4
33,5
34,6
35,3
36,10
37,5
38,6
39,8
40,11
41,8
42,10
43,12
44,13
45,6
46,8
47,10
48,4
49,14
50,6
51,15
52,16
53,5
54,6
55,8
56,10
57,4
58,5
59,6
60,8
61,10
62,5
63,17
64,6
65,8
66,10
67,4
68,5
69,17
70,6
71,8
72,4
73,5
74,17
75,6
76,8
77,10
78,4
79,5
80,17
81,6
82,15
83,4
84,6
85,8
86,10
87,5
88,17
89,6
90,8
91,16
92,5
93,6
94,8
95,4
96,5
97,18
98,6
99,8
100,10
101,4
102,5
103,18
104,6
105,8
106,10
107,4
108,5
109,18
110,6
111,8
112,4
113,5
114,18
115,6
116,8
117,4
118,5
119,18
120,6
121,8
122,9
123,4
124,5
125,13
126,6
127,8
128,4
129,9
130,5
131,13
132,6
133,8
134,9
135,4
136,5
137,13
138,6
139,8
140,10
141,4
142,5
143,6
144,8
145,10
146,5
147,6
148,8
149,10
150,12
151,5
152,6
153,8
154,9
155,4
156,5
157,6
158,15
159,9
160,4
161,5
162,19
163,20
164,6
165,8
166,9
167,6
168,8
169,9
170,6
171,21
172,6
173,11
174,6
175,8
176,9
177,4
178,5
179,6
180,8
181,9
182,4
183,5
184,6
185,8
186,22
187,9
188,5
189,6
190,8
191,4
192,9
193,5
194,6
195,8
196,9
197,4
198,17
199,5
200,6
201,15
202,4
203,5
204,6
205,8
206,12
207,5
208,6
209,8
210,9
211,4
212,5
213,13
214,6
215,3
216,10
217,5
218,6
219,3
220,10
221,5
222,6
223,8
224,10
225,4
226,5
227,6
228,8
229,4
230,5
231,6
232,8
233,4
234,9
235,5
236,6
237,15
238,4
239,5
240,20
241,6
242,8
243,9
244,10
245,5
246,6
247,8
248,10
249,4
250,5
251,6
252,8
253,10
254,5
255,6
256,8
257,10
258,5
259,6
260,8
261,10
262,4
263,6
264,8
265,4
266,22
267,5
268,6
269,8
270,16
271,10
272,5
273,6
274,8
275,9
276,4
277,5
278,13
279,6
280,8
281,10
282,5
283,13
284,6
285,8
286,9
287,4
288,5
289,13
290,6
291,8
292,4
293,10
294,5
295,6
296,8
297,9
298,22
299,5
300,13
301,6
302,8
303,9
304,4
305,6
306,8
307,9
308,5
309,6
310,8
311,9
312,5
313,6
314,8
315,22
316,12
317,5
318,6
319,8
320,9
321,4
322,5
323,6
324,8
325,22
326,5
327,6
328,8
329,22
330,5
331,6
332,8
333,10
334,5
335,6
336,8
337,22
338,16
339,5
340,6
341,8
342,9
343,4
344,5
345,6
346,8
347,10
348,4
349,5
350,6
351,8
352,9
353,22
354,5
355,6
356,8
357,9
358,4
359,5
360,6
361,8
362,10
363,5
364,6
365,8
366,9
367,4
368,5
369,6
370,8
371,10
372,4
373,5
374,6
375,8
376,4
377,22
378,5
379,6
380,8
381,16
382,12
383,5
384,20
385,18
386,6
387,8
388,10
389,4
390,5
391,6
392,3
393,9
394,4
395,5
396,6
397,8
398,9
399,4
400,5
401,6
402,8
403,22
404,16
405,5
406,6
407,8
408,9
409,5
410,6
411,8
412,16
413,4
414,5
415,6
416,8
417,16
418,5
419,6
420,8
421,9
422,4
423,5
424,6
425,8
426,16
427,5
428,6
429,15
430,22
431,4
432,5
433,20
434,6
435,8
436,9
437,4
438,5
439,6
440,8
441,22
442,5
443,6
444,15
445,12
446,5
447,20
448,6
449,8
450,4
451,5
452,6
453,8
454,16
455,4
456,5
457,6
458,8
459,10
460,5
461,6
462,18
463,8
464,9
465,22
466,5
467,6
468,8
469,16
470,5
471,6
472,8
473,10
474,5
475,6
476,8
477,10
478,5
479,6
480,8
481,12
482,13
483,6
484,8
485,10
486,5
487,6
488,8
489,4
490,5
491,6
492,4
493,5
494,6
495,8
496,10
497,4
498,5
499,13
500,6
501,3
502,5
503,12
504,6
505,8
506,4
507,6
508,8
509,4
510,12
511,6
512,8
513,4
514,9
515,5
516,20
517,6
518,3
519,22
520,4
521,5
522,6
523,8
524,4
525,5
526,13
527,6
528,8
529,4
530,5
531,13
532,6
533,8
534,22
535,17
536,8
537,22
538,17
539,15
540,4
541,5
542,6
543,13
544,8
545,10
546,4
547,5
548,6
549,8
550,10
551,4
552,5
553,6
554,8
555,10
556,4
557,5
558,6
559,8
560,9
561,4
562,13
563,5
564,6
565,8
566,9
567,4
568,13
569,5
570,6
571,8
572,9
573,22
574,5
575,13
576,6
577,8
578,9
579,5
580,13
581,6
582,8
583,4
584,9
585,5
586,13
587,6
588,9
589,4
590,14
591,6
592,8
593,9
594,4
595,14
596,6
597,3
598,10
599,5
600,6
601,3
602,10
603,5
604,6
605,3
606,10
607,5
608,6
609,3
610,10
611,5
612,6
613,3
614,10
615,5
616,6
617,8
618,10
619,5
620,6
621,8
622,16
623,4
624,5
625,14
626,6
627,15
628,12
629,5
630,6
631,15
632,12
633,5
634,6
635,8
636,16
637,4
638,5
639,14
640,6
641,8
642,5
643,10
644,17
645,15
646,12
647,6
648,8
649,16
650,5
651,6
652,15
653,4
654,5
655,18
656,6
657,3
658,4
659,5
660,6
661,7
662,4
663,16
664,20
665,5
666,15
667,9
668,4
669,5
670,6
671,15
672,4
673,5
674,20
675,6
676,8
677,9
678,4
679,5
680,6
681,8
682,9
683,5
684,13
685,6
686,8
687,4
688,5
689,6
690,8
691,12
692,5
693,17
694,6
695,15
696,4
697,6
698,8
699,22
700,16
701,5
702,6
703,8
704,9
705,4
706,23
707,6
708,8
709,9
710,4
711,23
712,6
713,8
714,9
715,4
716,23
717,6
718,15
719,4
720,13
721,6
722,15
723,4
724,6
725,15
726,16
727,18
728,6
729,8
730,11
731,24
732,6
733,3
734,4
735,5
736,6
737,25
738,8
739,9
740,5
741,6
742,22
743,8
744,4
745,20
746,6
747,8
748,9
749,4
750,5
751,6
752,15
753,4
754,5
755,6
756,15
757,9
758,5
759,6
760,12
761,26
762,11
763,27
764,8
765,11
766,27
767,11
768,15
769,21
770,27
771,21
772,27
773,21
774,27
775,21
776,27
777,11
778,27
779,11
780,27
781,11
782,27
783,11
784,8
785,27
786,11
787,8
788,11
789,8
790,11
791,8
792,21
793,8
794,21
795,3
796,21
797,3
798,21
799,21
800,21
801,11
802,11
803,11
804,11
805,27
806,11
807,8
808,11
809,11
810,21
811,8
812,11
813,8
814,11
815,8
816,11
817,8
818,21
819,15
820,21
821,11
822,8
823,21
824,8
825,11
826,8
827,11
828,8
829,11
830,8
831,21
832,8
833,21
834,8
835,21
836,15
837,21
838,15
839,21
840,15
841,21
842,11
843,8
844,11
845,8
846,21
847,8
848,11
849,8
850,21
851,8
852,11
853,8
854,11
855,8
856,11
857,21
858,8
859,11
860,8
861,21
862,8
863,11
864,8
865,11
866,21
867,8
868,21
869,8
870,21
871,8
872,11
873,8
874,21
875,11
876,8
877,8
878,21
879,11
880,8
881,11
882,8
883,11
884,11
885,8
886,3
887,11
888,21
889,8
890,3
891,11
892,21
893,8
894,11
895,11
896,8
897,21
898,8
899,11
900,8
901,11
902,8
903,11
904,15
905,11
906,11
907,15
908,11
909,8
910,11
911,15
912,11
913,28
914,15
915,11
916,28
917,15
918,11
919,28
920,15
921,11
922,28
923,15
924,15
925,15
926,8
927,11
928,11
929,8
930,21
931,8
932,21
933,8
934,8
935,9
936,4
937,5
938,6
939,8
940,11
941,8
942,21
943,8
944,21
945,8
946,21
947,15
948,4
949,4
950,28
951,6
952,8
953,8
954,8
955,15
956,8
957,8
958,8
959,8
960,15
961,29
962,30
963,8
964,11
965,15
966,15
967,21
968,31
969,15
970,21
971,31
972,8
973,11
974,8
975,11
976,8
977,8
978,8
979,11
980,21
981,8
982,11
983,21
