EventName,EventID,ProgressSteps,ID,Product,Work Orders/Operation,Items,Resource,Equipment,Location,SimTime,Date
Trailer Loading,1,480-481,,,-,1~17,Operator 1,Trailer_60,CentralBuffer_Location,481,2026-08-28 08:01:00
Trailer Loading,3,480-481,,,-,64~143,Operator 2,Trailer_61,CentralBuffer_Location,481,2026-08-28 08:01:00
Trailer Loading,5,480-481,,,-,168~259,Manual worker 1,Trailer_62,CentralBuffer_Location,481,2026-08-28 08:01:00
Trailer Loading,2,481-482,,,-,18~63,Manual worker 2,Trailer_63,CentralBuffer_Location,482,2026-08-28 08:02:00
Trailer Transport,6,481-482,,,-,1~17,Operator 1,Trailer_60,Trailer_60,482,2026-08-28 08:02:00
Trailer Transport,7,481-482,,,-,64~143,Operator 2,Trailer_61,Trailer_61,482,2026-08-28 08:02:00
Trailer Transport,8,481-482,,,-,168~259,Manual worker 1,Trailer_62,Trailer_62,482,2026-08-28 08:02:00
Trailer Transport,9,482-483,,,-,18~63,Manual worker 2,Trailer_63,Trailer_63,483,2026-08-28 08:03:00
Trailer Unloading,10,482-483,,,-,1~17,Operator 1,Trailer_60,BW_(BKW_01)_Location,483,2026-08-28 08:03:00
Trailer Unloading,11,482-483,,,-,64~143,Operator 2,Trailer_61,BW_(BKW_01)_Location,483,2026-08-28 08:03:00
Trailer Unloading,12,482-483,,,-,168~259,Manual worker 1,Trailer_62,BW_(BKW_01)_Location,483,2026-08-28 08:03:00
Trailer Unloading,13,483-484,,,-,18~63,Manual worker 2,Trailer_63,OUT - Outsourced activity_(OUT - Outsourced)_Location,484,2026-08-28 08:04:00
Operator Move,17,484-485,,,-,-,Operator 1,-,CentralBuffer_Location,485,2026-08-28 08:05:00
Machine Setup,15,484-485,,,-,64~143,Operator 2,BW_(BKW_01),BW_(BKW_01)_Location,485,2026-08-28 08:05:00
Machine Setup,20,485-486,,,-,18~63,Manual worker 2,OUT - Outsourced activity_(OUT - Outsourced),OUT - Outsourced activity_(OUT - Outsourced)_Location,486,2026-08-28 08:06:00
Trailer Loading,4,485-486,,,-,144~167,Operator 1,Trailer_64,CentralBuffer_Location,486,2026-08-28 08:06:00
Machine Loading,21,486-487,,,-,64~143,Operator 2,BW_(BKW_01),BW_(BKW_01)_Location,487,2026-08-28 08:07:00
Trailer Transport,23,486-487,,,-,144~167,Operator 1,Trailer_64,Trailer_64,487,2026-08-28 08:07:00
Machine Loading,22,487-488,,,-,18~63,Manual worker 2,OUT - Outsourced activity_(OUT - Outsourced),OUT - Outsourced activity_(OUT - Outsourced)_Location,488,2026-08-28 08:08:00
Trailer Unloading,25,487-488,,,-,144~167,Operator 1,Trailer_64,OUT - Outsourced activity_(OUT - Outsourced)_Location,488,2026-08-28 08:08:00
Machine Setup,27,489-490,,,-,144~167,Operator 1,OUT - Outsourced activity_(OUT - Outsourced),OUT - Outsourced activity_(OUT - Outsourced)_Location,490,2026-08-28 08:10:00
Machine Loading,28,491-492,,,-,144~167,Operator 1,OUT - Outsourced activity_(OUT - Outsourced),OUT - Outsourced activity_(OUT - Outsourced)_Location,492,2026-08-28 08:12:00
Machine Processing,24,487-725,__export__.mrp_production_6020_2cead996,[4598-008-08901B POS 1] CEILING INLET*,BW - Benchwork (BKW_01),64~143,BW_(BKW_01),BW_(BKW_01),BW_(BKW_01)_Location,725,2026-08-28 12:05:00
Machine Unloading,30,726-727,,,-,64~143,Operator 2,BW_(BKW_01),BW_(BKW_01)_Location,727,2026-08-28 12:07:00
Machine Setup,14,728-729,,,-,1~17,Operator 2,BW_(BKW_01),BW_(BKW_01)_Location,729,2026-08-28 12:09:00
Trailer Loading,31,728-729,,,-,64~143,Manual worker 1,Trailer_60,BW_(BKW_01)_Location,729,2026-08-28 12:09:00
Trailer Transport,33,729-730,,,-,64~143,Manual worker 1,Trailer_60,Trailer_60,730,2026-08-28 12:10:00
Machine Loading,32,730-731,,,-,1~17,Operator 2,BW_(BKW_01),BW_(BKW_01)_Location,731,2026-08-28 12:11:00
Trailer Unloading,34,730-731,,,-,64~143,Manual worker 1,Trailer_60,OUT - Outsourced activity_(OUT - Outsourced)_Location,731,2026-08-28 12:11:00
Machine Setup,36,732-733,,,-,64~143,Operator 1,OUT - Outsourced activity_(OUT - Outsourced),OUT - Outsourced activity_(OUT - Outsourced)_Location,733,2026-08-28 12:13:00
Machine Loading,37,734-735,,,-,64~143,Operator 1,OUT - Outsourced activity_(OUT - Outsourced),OUT - Outsourced activity_(OUT - Outsourced)_Location,735,2026-08-28 12:15:00
Machine Processing,35,731-780,__export__.mrp_production_6300_645dbbde,[4022-637-29301] Hinge Block Fixed RM,BW - Benchwork (BKW_01),1~17,BW_(BKW_01),BW_(BKW_01),BW_(BKW_01)_Location,780,2026-08-28 13:00:00
Machine Unloading,39,781-782,,,-,1~17,Operator 2,BW_(BKW_01),BW_(BKW_01)_Location,782,2026-08-28 13:02:00
Machine Setup,16,783-784,,,-,168~259,Operator 2,BW_(BKW_01),BW_(BKW_01)_Location,784,2026-08-28 13:04:00
Operator Move,41,784-785,,,-,-,Operator 1,-,BW_(BKW_01)_Location,785,2026-08-28 13:05:00
Machine Loading,44,785-786,,,-,168~259,Operator 2,BW_(BKW_01),BW_(BKW_01)_Location,786,2026-08-28 13:06:00
Trailer Loading,40,785-786,,,-,1~17,Operator 1,Trailer_61,BW_(BKW_01)_Location,786,2026-08-28 13:06:00
Trailer Transport,46,786-787,,,-,1~17,Operator 1,Trailer_61,Trailer_61,787,2026-08-28 13:07:00
Trailer Unloading,47,787-788,,,-,1~17,Operator 1,Trailer_61,PACK_(VERP_P)_Location,788,2026-08-28 13:08:00
Machine Setup,48,789-790,,,-,1~17,Operator 1,PACK_(VERP_P),PACK_(VERP_P)_Location,790,2026-08-28 13:10:00
Machine Loading,49,791-792,,,-,1~17,Operator 1,PACK_(VERP_P),PACK_(VERP_P)_Location,792,2026-08-28 13:12:00
Machine Processing,50,792-807,__export__.mrp_production_6300_645dbbde,[4022-637-29301] Hinge Block Fixed RM,Packaging (VERP_P),1~17,PACK_(VERP_P),PACK_(VERP_P),PACK_(VERP_P)_Location,807,2026-08-28 13:27:00
Machine Unloading,51,808-809,,,-,1~17,Operator 1,PACK_(VERP_P),PACK_(VERP_P)_Location,809,2026-08-28 13:29:00
Trailer Loading,52,810-811,,,-,1~17,Operator 1,Trailer_61,PACK_(VERP_P)_Location,811,2026-08-28 13:31:00
Trailer Transport,53,811-812,,,-,1~17,Operator 1,Trailer_61,Trailer_61,812,2026-08-28 13:32:00
Trailer Unloading,54,812-813,__export__.mrp_production_6300_645dbbde,[4022-637-29301] Hinge Block Fixed RM,-,1~17,Operator 1,Trailer_61,CentralBuffer_Location,813,2026-08-28 13:33:00
Machine Processing,45,786-959~962-1063,__export__.mrp_production_6199_a3feca82,[4598-008-08901B POS 1] CEILING INLET*,BW - Benchwork (BKW_01),168~259,BW_(BKW_01),BW_(BKW_01),BW_(BKW_01)_Location,1063,2026-08-28 17:43:00
Operator Move,56,1064-1065,,,-,-,Operator 3,-,BW_(BKW_01)_Location,1065,2026-08-28 17:45:00
Machine Unloading,55,1065-1066,,,-,168~259,Operator 3,BW_(BKW_01),BW_(BKW_01)_Location,1066,2026-08-28 17:46:00
Operator Move,59,1067-1068,,,-,-,Operator 3,-,CentralBuffer_Location,1068,2026-08-28 17:48:00
Bring Equipment,58,1068-1069,,,-,-,Operator 3,Trailer_60,BW_(BKW_01)_Location,1069,2026-08-28 17:49:00
Trailer Loading,57,1069-1070,,,-,168~259,Operator 3,Trailer_60,BW_(BKW_01)_Location,1070,2026-08-28 17:50:00
Trailer Transport,62,1070-1071,,,-,168~259,Operator 3,Trailer_60,Trailer_60,1071,2026-08-28 17:51:00
Trailer Unloading,63,1071-1072,,,-,168~259,Operator 3,Trailer_60,PACK_(VERP_P)_Location,1072,2026-08-28 17:52:00
Machine Setup,64,1073-1074,,,-,168~259,Operator 3,PACK_(VERP_P),PACK_(VERP_P)_Location,1074,2026-08-28 17:54:00
Machine Loading,65,1075-1076,,,-,168~259,Operator 3,PACK_(VERP_P),PACK_(VERP_P)_Location,1076,2026-08-28 17:56:00
Machine Processing,66,1076-1166,__export__.mrp_production_6199_a3feca82,[4598-008-08901B POS 1] CEILING INLET*,Packaging (VERP_P),168~259,PACK_(VERP_P),PACK_(VERP_P),PACK_(VERP_P)_Location,1166,2026-08-28 19:26:00
Machine Unloading,67,1167-1168,,,-,168~259,Operator 3,PACK_(VERP_P),PACK_(VERP_P)_Location,1168,2026-08-28 19:28:00
Trailer Loading,68,1169-1170,,,-,168~259,Operator 3,Trailer_60,PACK_(VERP_P)_Location,1170,2026-08-28 19:30:00
Trailer Transport,69,1170-1171,,,-,168~259,Operator 3,Trailer_60,Trailer_60,1171,2026-08-28 19:31:00
Trailer Unloading,70,1171-1172,__export__.mrp_production_6199_a3feca82,[4598-008-08901B POS 1] CEILING INLET*,-,168~259,Operator 3,Trailer_60,CentralBuffer_Location,1172,2026-08-28 19:32:00
Machine Processing,26,488-959~960-1439~4320-4799~4800-5279~5280-5620,__export__.mrp_production_6192_3443eb6e,[M0216-01-363-B] nul-graden arretsegment,Passivating,18~63,OUT - Outsourced activity_(OUT - Outsourced),OUT - Outsourced activity_(OUT - Outsourced),OUT - Outsourced activity_(OUT - Outsourced)_Location,5620,2026-08-31 21:40:00
Operator Move,72,5621-5622,,,-,-,Operator 3,-,OUT - Outsourced activity_(OUT - Outsourced)_Location,5622,2026-08-31 21:42:00
Machine Unloading,71,5622-5623,,,-,18~63,Operator 3,OUT - Outsourced activity_(OUT - Outsourced),OUT - Outsourced activity_(OUT - Outsourced)_Location,5623,2026-08-31 21:43:00
Operator Move,75,5624-5625,,,-,-,Operator 3,-,CentralBuffer_Location,5625,2026-08-31 21:45:00
Bring Equipment,74,5625-5626,,,-,-,Operator 3,Trailer_60,OUT - Outsourced activity_(OUT - Outsourced)_Location,5626,2026-08-31 21:46:00
Trailer Loading,73,5626-5627,,,-,18~63,Operator 3,Trailer_60,OUT - Outsourced activity_(OUT - Outsourced)_Location,5627,2026-08-31 21:47:00
Trailer Transport,78,5627-5628,,,-,18~63,Operator 3,Trailer_60,Trailer_60,5628,2026-08-31 21:48:00
Trailer Unloading,79,5628-5629,,,-,18~63,Operator 3,Trailer_60,PACK_(VERP_P)_Location,5629,2026-08-31 21:49:00
Machine Setup,80,5630-5631,,,-,18~63,Operator 3,PACK_(VERP_P),PACK_(VERP_P)_Location,5631,2026-08-31 21:51:00
Machine Loading,81,5632-5633,,,-,18~63,Operator 3,PACK_(VERP_P),PACK_(VERP_P)_Location,5633,2026-08-31 21:53:00
Machine Processing,82,5633-5677,__export__.mrp_production_6192_3443eb6e,[M0216-01-363-B] nul-graden arretsegment,Packaging (VERP_P),18~63,PACK_(VERP_P),PACK_(VERP_P),PACK_(VERP_P)_Location,5677,2026-08-31 22:37:00
Machine Unloading,83,5678-5679,,,-,18~63,Operator 3,PACK_(VERP_P),PACK_(VERP_P)_Location,5679,2026-08-31 22:39:00
Trailer Loading,84,5680-5681,,,-,18~63,Operator 3,Trailer_60,PACK_(VERP_P)_Location,5681,2026-08-31 22:41:00
Trailer Transport,85,5681-5682,,,-,18~63,Operator 3,Trailer_60,Trailer_60,5682,2026-08-31 22:42:00
Trailer Unloading,86,5682-5683,__export__.mrp_production_6192_3443eb6e,[M0216-01-363-B] nul-graden arretsegment,-,18~63,Operator 3,Trailer_60,CentralBuffer_Location,5683,2026-08-31 22:43:00
Machine Processing,29,492-959~961-1439~4320-4799~4801-5279~5280-5759~5760-6239~6240-6719~6720-7199~7200-7679~7680-8159~8160-8639~8640-9119~9120-9599~9600-10079~10080-10559~10560-11039~11040-11519~14400-14879~14880-15270,__export__.mrp_production_5680_ed5f1e28,[4022.622.61481] RH RED GRIPPER TUNGSTEN MASS ,External Milling Tungsten,144~167,OUT - Outsourced activity_(OUT - Outsourced),OUT - Outsourced activity_(OUT - Outsourced),OUT - Outsourced activity_(OUT - Outsourced)_Location,15270,2026-09-07 14:30:00
Operator Move,88,15271-15272,,,-,-,Operator 1,-,OUT - Outsourced activity_(OUT - Outsourced)_Location,15272,2026-09-07 14:32:00
Machine Unloading,87,15272-15273,,,-,144~167,Operator 1,OUT - Outsourced activity_(OUT - Outsourced),OUT - Outsourced activity_(OUT - Outsourced)_Location,15273,2026-09-07 14:33:00
Operator Move,91,15274-15275,,,-,-,Operator 1,-,CentralBuffer_Location,15275,2026-09-07 14:35:00
Bring Equipment,90,15275-15276,,,-,-,Operator 1,Trailer_60,OUT - Outsourced activity_(OUT - Outsourced)_Location,15276,2026-09-07 14:36:00
Trailer Loading,89,15276-15277,,,-,144~167,Operator 1,Trailer_60,OUT - Outsourced activity_(OUT - Outsourced)_Location,15277,2026-09-07 14:37:00
Trailer Transport,94,15277-15278,,,-,144~167,Operator 1,Trailer_60,Trailer_60,15278,2026-09-07 14:38:00
Trailer Unloading,95,15278-15279,__export__.mrp_production_5680_ed5f1e28,[4022.622.61481] RH RED GRIPPER TUNGSTEN MASS ,-,144~167,Operator 1,Trailer_60,CentralBuffer_Location,15279,2026-09-07 14:39:00
Machine Processing,38,735-959~960-1439~4321-4799~4800-5279~5281-5759~5761-6239~6241-6719~6721-7199~7201-7679~7681-8159~8161-8639~8641-9119~9121-9599~9601-10079~10081-10559~10561-11039~11041-11519~14401-14879~14881-15359~15360-15528,__export__.mrp_production_6020_2cead996,[4598-008-08901B POS 1] CEILING INLET*,Painting,64~143,OUT - Outsourced activity_(OUT - Outsourced),OUT - Outsourced activity_(OUT - Outsourced),OUT - Outsourced activity_(OUT - Outsourced)_Location,15528,2026-09-07 18:48:00
Operator Move,97,15529-15530,,,-,-,Operator 3,-,OUT - Outsourced activity_(OUT - Outsourced)_Location,15530,2026-09-07 18:50:00
Machine Unloading,96,15530-15531,,,-,64~143,Operator 3,OUT - Outsourced activity_(OUT - Outsourced),OUT - Outsourced activity_(OUT - Outsourced)_Location,15531,2026-09-07 18:51:00
Operator Move,100,15532-15533,,,-,-,Operator 3,-,CentralBuffer_Location,15533,2026-09-07 18:53:00
Bring Equipment,99,15533-15534,,,-,-,Operator 3,Trailer_60,OUT - Outsourced activity_(OUT - Outsourced)_Location,15534,2026-09-07 18:54:00
Trailer Loading,98,15534-15535,,,-,64~143,Operator 3,Trailer_60,OUT - Outsourced activity_(OUT - Outsourced)_Location,15535,2026-09-07 18:55:00
Trailer Transport,103,15535-15536,,,-,64~143,Operator 3,Trailer_60,Trailer_60,15536,2026-09-07 18:56:00
Trailer Unloading,104,15536-15537,,,-,64~143,Operator 3,Trailer_60,PACK_(VERP_P)_Location,15537,2026-09-07 18:57:00
Machine Setup,105,15538-15539,,,-,64~143,Operator 3,PACK_(VERP_P),PACK_(VERP_P)_Location,15539,2026-09-07 18:59:00
Machine Loading,106,15540-15541,,,-,64~143,Operator 3,PACK_(VERP_P),PACK_(VERP_P)_Location,15541,2026-09-07 19:01:00
Machine Processing,107,15541-15619,__export__.mrp_production_6020_2cead996,[4598-008-08901B POS 1] CEILING INLET*,Packaging (VERP_P),64~143,PACK_(VERP_P),PACK_(VERP_P),PACK_(VERP_P)_Location,15619,2026-09-07 20:19:00
Machine Unloading,108,15620-15621,,,-,64~143,Operator 3,PACK_(VERP_P),PACK_(VERP_P)_Location,15621,2026-09-07 20:21:00
Trailer Loading,109,15622-15623,,,-,64~143,Operator 3,Trailer_60,PACK_(VERP_P)_Location,15623,2026-09-07 20:23:00
Trailer Transport,110,15623-15624,,,-,64~143,Operator 3,Trailer_60,Trailer_60,15624,2026-09-07 20:24:00
Trailer Unloading,111,15624-15625,__export__.mrp_production_6020_2cead996,[4598-008-08901B POS 1] CEILING INLET*,-,64~143,Operator 3,Trailer_60,CentralBuffer_Location,15625,2026-09-07 20:25:00
